name_scientific,name_en,name_local,alternative_names_local,category,name_meaning_en,description_en,crow_name_audios_json,images_json,map_image
Lophophora williamsii,peyote,bichkiliiá,baaapáamaaxpee,Ceremonial or Sacred,cactus; holy plant,"<p>
<b>Description</b>: A large shrub, up to 15 feet in height. The
branches are thorny. The oval shaped leaves alternate
arranged, 2–4 inches long, dark green, smooth and pale on
the underside. The small flowers with five, white petals and
yelow tipped stamens occur singly or in clusters. Spherical
to oblong fruit is yellow to reddish-purple and 1 inch in
diameter.
</p>
<br>
<p>
<b>Habitat</b>: Thickets, woodlands, mountain slopes; plains, and
valleys.
</p>
<br>
<p>
<b>Uses</b>: Fruit is edible. Branches used for ceremonies. Roots
have been used to make dyes.
</p>","[{""file"": ""30220_ahpee-baaapaale--evening-primrose_Entry1_VCA_1749232956717.mp3""}]","[{""file"": ""Biscuitroot.jpg""}]",biscuitroot-map.jpg
Heracleum lanatum; Heracleum maximum,rhubarb,baaxaláxxate,,Crops & Domestic Plants,skinny ones,"<p>
<b>Description</b>: A large shrub, up to 15 feet in height. The
branches are thorny. The oval shaped leaves alternate
arranged, 2–4 inches long, dark green, smooth and pale on
the underside. The small flowers with five, white petals and
yelow tipped stamens occur singly or in clusters. Spherical
to oblong fruit is yellow to reddish-purple and 1 inch in
diameter.
</p>
<br>
<p>
<b>Habitat</b>: Thickets, woodlands, mountain slopes; plains, and
valleys.
</p>
<br>
<p>
<b>Uses</b>: Fruit is edible. Branches used for ceremonies. Roots
have been used to make dyes.
</p>","[{""file"": ""1997_baachuutaahile_chokecherry_RileySinger.mp3""}]","[{""file"": ""Tobacco.jpg""}]",sacred_tobacco-map.jpg
Lepidium latifolium,peppergrass,bikkée ishía,,Crops & Domestic Plants,bitter grass,"<p>
<b>Description</b>: A large shrub, up to 15 feet in height. The
branches are thorny. The oval shaped leaves alternate
arranged, 2–4 inches long, dark green, smooth and pale on
the underside. The small flowers with five, white petals and
yelow tipped stamens occur singly or in clusters. Spherical
to oblong fruit is yellow to reddish-purple and 1 inch in
diameter.
</p>
<br>
<p>
<b>Habitat</b>: Thickets, woodlands, mountain slopes; plains, and
valleys.
</p>
<br>
<p>
<b>Uses</b>: Fruit is edible. Branches used for ceremonies. Roots
have been used to make dyes.
</p>","[{""file"": ""3445_bikkaakaashe_bluegrass_CGL.mp3""}]","[{""file"": ""Stoneseed.jpg""}]",stoneseed-map.jpg
Prunus americana,plum,buluhpé,,Crops & Domestic Plants,(fruit) grows at the tip,"<p>
<b>Description</b>: A large shrub, up to 15 feet in height. The
branches are thorny. The oval shaped leaves alternate
arranged, 2–4 inches long, dark green, smooth and pale on
the underside. The small flowers with five, white petals and
yelow tipped stamens occur singly or in clusters. Spherical
to oblong fruit is yellow to reddish-purple and 1 inch in
diameter.
</p>
<br>
<p>
<b>Habitat</b>: Thickets, woodlands, mountain slopes; plains, and
valleys.
</p>
<br>
<p>
<b>Uses</b>: Fruit is edible. Branches used for ceremonies. Roots
have been used to make dyes.
</p>","[{""file"": ""5782_ihchihchia_tobacco_sacred_roannehill1.mp3""}]","[{""file"": ""Puffball.jpg""}]",biscuitroot-map.jpg
"Vitis riparia,",grapes,daxpitchishtásshe,daxpitcheeishtásshe,Crops & Domestic Plants,gleaming bear's eyes,"<p>
<b>Description</b>: A large shrub, up to 15 feet in height. The
branches are thorny. The oval shaped leaves alternate
arranged, 2–4 inches long, dark green, smooth and pale on
the underside. The small flowers with five, white petals and
yelow tipped stamens occur singly or in clusters. Spherical
to oblong fruit is yellow to reddish-purple and 1 inch in
diameter.
</p>
<br>
<p>
<b>Habitat</b>: Thickets, woodlands, mountain slopes; plains, and
valleys.
</p>
<br>
<p>
<b>Uses</b>: Fruit is edible. Branches used for ceremonies. Roots
have been used to make dyes.
</p>","[{""file"": ""3962_cheetisbaxupe_milkweed_CGL.mp3""}]","[{""file"": ""Elk_Thistle.jpg""}]",elkthistle.jpg
Linum lewisii,flax,ishóochapaalia,,Crops & Domestic Plants,front wrapped,"<p>
<b>Description</b>: A large shrub, up to 15 feet in height. The
branches are thorny. The oval shaped leaves alternate
arranged, 2–4 inches long, dark green, smooth and pale on
the underside. The small flowers with five, white petals and
yelow tipped stamens occur singly or in clusters. Spherical
to oblong fruit is yellow to reddish-purple and 1 inch in
diameter.
</p>
<br>
<p>
<b>Habitat</b>: Thickets, woodlands, mountain slopes; plains, and
valleys.
</p>
<br>
<p>
<b>Uses</b>: Fruit is edible. Branches used for ceremonies. Roots
have been used to make dyes.
</p>","[{""file"": ""3777_bishkaakaase_pine_rosin_CGL.mp3""}]","[{""file"": ""Snowbrush.jpg""}]",elkweed-map.jpg
Asparagus officinalis,wild asparagus,shoopé shísshishpia,,Crops & Domestic Plants,four curls on the stem,"<p>
<b>Description</b>: A large shrub, up to 15 feet in height. The
branches are thorny. The oval shaped leaves alternate
arranged, 2–4 inches long, dark green, smooth and pale on
the underside. The small flowers with five, white petals and
yelow tipped stamens occur singly or in clusters. Spherical
to oblong fruit is yellow to reddish-purple and 1 inch in
diameter.
</p>
<br>
<p>
<b>Habitat</b>: Thickets, woodlands, mountain slopes; plains, and
valleys.
</p>
<br>
<p>
<b>Uses</b>: Fruit is edible. Branches used for ceremonies. Roots
have been used to make dyes.
</p>","[{""file"": ""7812_ooptawihche_bark_red_willow_mixed_with_tobacco_RCA.mp3""}]","[{""file"": ""Nootka_Rose.jpg""}]",nutka_rose-map.jpg
Zea mays L.,corn,xooxaáshe,,Crops & Domestic Plants,maize,"<p>
<b>Description</b>: A large shrub, up to 15 feet in height. The
branches are thorny. The oval shaped leaves alternate
arranged, 2–4 inches long, dark green, smooth and pale on
the underside. The small flowers with five, white petals and
yelow tipped stamens occur singly or in clusters. Spherical
to oblong fruit is yellow to reddish-purple and 1 inch in
diameter.
</p>
<br>
<p>
<b>Habitat</b>: Thickets, woodlands, mountain slopes; plains, and
valleys.
</p>
<br>
<p>
<b>Uses</b>: Fruit is edible. Branches used for ceremonies. Roots
have been used to make dyes.
</p>","[{""file"": ""29767_cheetishbilishpite--pennyroyal_Entry1_LYM_1754602926541.mp3""}]","[{""file"": ""Asparagus.jpg""}]","asparagus.jpg	"
Solanum sp.,nightshade,akúuwatkaatbaachuua,,Dangerous or Poisonous,one with metallic  berries,"<p>
<b>Description</b>: A large shrub, up to 15 feet in height. The
branches are thorny. The oval shaped leaves alternate
arranged, 2–4 inches long, dark green, smooth and pale on
the underside. The small flowers with five, white petals and
yelow tipped stamens occur singly or in clusters. Spherical
to oblong fruit is yellow to reddish-purple and 1 inch in
diameter.
</p>
<br>
<p>
<b>Habitat</b>: Thickets, woodlands, mountain slopes; plains, and
valleys.
</p>
<br>
<p>
<b>Uses</b>: Fruit is edible. Branches used for ceremonies. Roots
have been used to make dyes.
</p>","[{""file"": ""3793_bishkaxchiia_dogbush_rileysinger1.mp3""}]","[{""file"": ""creeping_juniper.jpg""}]",creeping_juniper-map.jpg
Oxytropis lagopus,locoweed,baaapáalikshiwaalaaxe,"iichíinmaaluushissee, bikkaawaaláaxe",Dangerous or Poisonous,crazy flower; something horses won’t eat; crazy grass,"<p>
<b>Description</b>: A large shrub, up to 15 feet in height. The
branches are thorny. The oval shaped leaves alternate
arranged, 2–4 inches long, dark green, smooth and pale on
the underside. The small flowers with five, white petals and
yelow tipped stamens occur singly or in clusters. Spherical
to oblong fruit is yellow to reddish-purple and 1 inch in
diameter.
</p>
<br>
<p>
<b>Habitat</b>: Thickets, woodlands, mountain slopes; plains, and
valleys.
</p>
<br>
<p>
<b>Uses</b>: Fruit is edible. Branches used for ceremonies. Roots
have been used to make dyes.
</p>","[{""file"": ""3931_buxpaalichikua_baneberry_rileysinger1.mp3""}]","[{""file"": ""Bedstraw.jpg""}]",bedstraw-map.jpg
Tsuga heterophylla,hemlock,baailichitche,"baachiilichitchia, úuxisbaailichitche",Dangerous or Poisonous,one that is fragrant; fragrant pine; deer’s perfume,"<p>
<b>Description</b>: A large shrub, up to 15 feet in height. The
branches are thorny. The oval shaped leaves alternate
arranged, 2–4 inches long, dark green, smooth and pale on
the underside. The small flowers with five, white petals and
yelow tipped stamens occur singly or in clusters. Spherical
to oblong fruit is yellow to reddish-purple and 1 inch in
diameter.
</p>
<br>
<p>
<b>Habitat</b>: Thickets, woodlands, mountain slopes; plains, and
valleys.
</p>
<br>
<p>
<b>Uses</b>: Fruit is edible. Branches used for ceremonies. Roots
have been used to make dyes.
</p>","[{""file"": ""29778_bikkee-ishia--peppergrass_Entry1_LYM_1753470282137.mp3""}]","[{""file"": ""Red-osier_Dogwood.jpg""}]","red-osier_dogwood_map.jpg"
Veratrum viride,false hellebore,iiwaaapiiaxxúua,,Dangerous or Poisonous,makes one sneeze,"<p>
<b>Description</b>: A large shrub, up to 15 feet in height. The
branches are thorny. The oval shaped leaves alternate
arranged, 2–4 inches long, dark green, smooth and pale on
the underside. The small flowers with five, white petals and
yelow tipped stamens occur singly or in clusters. Spherical
to oblong fruit is yellow to reddish-purple and 1 inch in
diameter.
</p>
<br>
<p>
<b>Habitat</b>: Thickets, woodlands, mountain slopes; plains, and
valleys.
</p>
<br>
<p>
<b>Uses</b>: Fruit is edible. Branches used for ceremonies. Roots
have been used to make dyes.
</p>","[{""file"": ""3611_biliiche_willow_grantbulltail1.mp3""}]","[{""file"": ""shepherds_purse.jpg""}]",shepherds_purse-map.jpg
Rhus radicans,poison ivy,iiwaaihcháapkuluttatuua,áapbilaaxaake,Dangerous or Poisonous,what they break their necks with; fire rash leaf,"<p>
<b>Description</b>: A large shrub, up to 15 feet in height. The
branches are thorny. The oval shaped leaves alternate
arranged, 2–4 inches long, dark green, smooth and pale on
the underside. The small flowers with five, white petals and
yelow tipped stamens occur singly or in clusters. Spherical
to oblong fruit is yellow to reddish-purple and 1 inch in
diameter.
</p>
<br>
<p>
<b>Habitat</b>: Thickets, woodlands, mountain slopes; plains, and
valleys.
</p>
<br>
<p>
<b>Uses</b>: Fruit is edible. Branches used for ceremonies. Roots
have been used to make dyes.
</p>","[{""file"": ""3364_bichkiliia_cactus_prickly_pear_hubert_two_leggins.mp3""}]","[{""file"": ""Tarweed.jpg""}]",mountain_tarweed-map.jpg
Musci sp.,lichen,awísche,,"Fungi, Moss, & Lichen",ground rust,"<p>
<b>Description</b>: A large shrub, up to 15 feet in height. The
branches are thorny. The oval shaped leaves alternate
arranged, 2–4 inches long, dark green, smooth and pale on
the underside. The small flowers with five, white petals and
yelow tipped stamens occur singly or in clusters. Spherical
to oblong fruit is yellow to reddish-purple and 1 inch in
diameter.
</p>
<br>
<p>
<b>Habitat</b>: Thickets, woodlands, mountain slopes; plains, and
valleys.
</p>
<br>
<p>
<b>Uses</b>: Fruit is edible. Branches used for ceremonies. Roots
have been used to make dyes.
</p>","[{""file"": ""02364_akalashkua-shiile--arrowleaf-balsamroot_Entry1_VCA_1749233092267.mp3""}]","[{""file"": ""Green_Ash.jpg""}]","green_ash-map.jpg"
Evernia vulpine (aka) Letharia vulpina,wolf moss,baaiishíile,iichíilikaashe dahkápee,"Fungi, Moss, & Lichen",yellow furred one; elk incense,"<p>
<b>Description</b>: A large shrub, up to 15 feet in height. The
branches are thorny. The oval shaped leaves alternate
arranged, 2–4 inches long, dark green, smooth and pale on
the underside. The small flowers with five, white petals and
yelow tipped stamens occur singly or in clusters. Spherical
to oblong fruit is yellow to reddish-purple and 1 inch in
diameter.
</p>
<br>
<p>
<b>Habitat</b>: Thickets, woodlands, mountain slopes; plains, and
valleys.
</p>
<br>
<p>
<b>Uses</b>: Fruit is edible. Branches used for ceremonies. Roots
have been used to make dyes.
</p>","[{""file"": ""3708_bimmaapee_cattail_reed_rileysinger1.mp3""}]","[{""file"": ""Peachleaf_Willow.jpg""}]","peachleaf_willow-map.jpg"
Pleurotus pulmonarius,mushroom (oyster),balé istéhpe,,"Fungi, Moss, & Lichen",wood’s navel,"<p>
<b>Description</b>: A large shrub, up to 15 feet in height. The
branches are thorny. The oval shaped leaves alternate
arranged, 2–4 inches long, dark green, smooth and pale on
the underside. The small flowers with five, white petals and
yelow tipped stamens occur singly or in clusters. Spherical
to oblong fruit is yellow to reddish-purple and 1 inch in
diameter.
</p>
<br>
<p>
<b>Habitat</b>: Thickets, woodlands, mountain slopes; plains, and
valleys.
</p>
<br>
<p>
<b>Uses</b>: Fruit is edible. Branches used for ceremonies. Roots
have been used to make dyes.
</p>","[{""file"": ""29611_awaatuuwishbaachuua--Oregon-grape_Entry1_VCA_1749833458857.mp3""}]","[{""file"": ""Ashe_Juniper.jpg""}]","blue_flag_iris-map.jpg"
Alectoria fremontii,black tree lichen,bishíihchiia,,"Fungi, Moss, & Lichen",buffalo beard,"<p>
<b>Description</b>: A large shrub, up to 15 feet in height. The
branches are thorny. The oval shaped leaves alternate
arranged, 2–4 inches long, dark green, smooth and pale on
the underside. The small flowers with five, white petals and
yelow tipped stamens occur singly or in clusters. Spherical
to oblong fruit is yellow to reddish-purple and 1 inch in
diameter.
</p>
<br>
<p>
<b>Habitat</b>: Thickets, woodlands, mountain slopes; plains, and
valleys.
</p>
<br>
<p>
<b>Uses</b>: Fruit is edible. Branches used for ceremonies. Roots
have been used to make dyes.
</p>","[{""file"": ""1915_baaapaalikisshiwaalaaxe_locoweed_RileySinger.mp3""}]","[{""file"": ""Thinleaf_Alder.jpg""}]","thinleaf_alder.jpg"
Morchella esculenta,"mushroom
 (morel)",puxáahche,puxáache,"Fungi, Moss, & Lichen",soap like,"<p>
<b>Description</b>: A large shrub, up to 15 feet in height. The
branches are thorny. The oval shaped leaves alternate
arranged, 2–4 inches long, dark green, smooth and pale on
the underside. The small flowers with five, white petals and
yelow tipped stamens occur singly or in clusters. Spherical
to oblong fruit is yellow to reddish-purple and 1 inch in
diameter.
</p>
<br>
<p>
<b>Habitat</b>: Thickets, woodlands, mountain slopes; plains, and
valleys.
</p>
<br>
<p>
<b>Uses</b>: Fruit is edible. Branches used for ceremonies. Roots
have been used to make dyes.
</p>","[{""file"": ""3612_biliichhisshe_willow_red_grantbulltail.mp3""}]","[{""file"": ""Ivesia.jpg""}]","ivesia-map.jpg"
Agaricus sp.,mushroom,xalaaassahké,,"Fungi, Moss, & Lichen",edge of rain,"<p>
<b>Description</b>: A large shrub, up to 15 feet in height. The
branches are thorny. The oval shaped leaves alternate
arranged, 2–4 inches long, dark green, smooth and pale on
the underside. The small flowers with five, white petals and
yelow tipped stamens occur singly or in clusters. Spherical
to oblong fruit is yellow to reddish-purple and 1 inch in
diameter.
</p>
<br>
<p>
<b>Habitat</b>: Thickets, woodlands, mountain slopes; plains, and
valleys.
</p>
<br>
<p>
<b>Uses</b>: Fruit is edible. Branches used for ceremonies. Roots
have been used to make dyes.
</p>","[{""file"": ""3919_buluxpee_cedar_rileysinger1.mp3""}]","[{""file"": ""Ivesia.jpg""}]","ivesia-map.jpg"
Hierochloe odorata,sweetgrass,bachúate,,Grasses & Grasslike,like sinew,"<p>
<b>Description</b>: A large shrub, up to 15 feet in height. The
branches are thorny. The oval shaped leaves alternate
arranged, 2–4 inches long, dark green, smooth and pale on
the underside. The small flowers with five, white petals and
yelow tipped stamens occur singly or in clusters. Spherical
to oblong fruit is yellow to reddish-purple and 1 inch in
diameter.
</p>
<br>
<p>
<b>Habitat</b>: Thickets, woodlands, mountain slopes; plains, and
valleys.
</p>
<br>
<p>
<b>Uses</b>: Fruit is edible. Branches used for ceremonies. Roots
have been used to make dyes.
</p>","[{""file"": ""29572_aape-isee--mullein_Entry1_VCA_1749834010307.mp3""}]","[{""file"": ""Aspen.jpg""}]",quaking_aspen-map.jpg
Agropyron smithii,blue joint grass,bikkaakaáshe,,Grasses & Grasslike,real grass,"<p>
<b>Description</b>: A large shrub, up to 15 feet in height. The
branches are thorny. The oval shaped leaves alternate
arranged, 2–4 inches long, dark green, smooth and pale on
the underside. The small flowers with five, white petals and
yelow tipped stamens occur singly or in clusters. Spherical
to oblong fruit is yellow to reddish-purple and 1 inch in
diameter.
</p>
<br>
<p>
<b>Habitat</b>: Thickets, woodlands, mountain slopes; plains, and
valleys.
</p>
<br>
<p>
<b>Uses</b>: Fruit is edible. Branches used for ceremonies. Roots
have been used to make dyes.
</p>","[{""file"": ""03959_cheetisbaailichitche_false-tarragon--sagewort-_FemaleCitation_CGL_1.mp3""}]","[{""file"": ""Juneberry.jpg""}]",sarvisberry-map.jpg
Poa sp.,bluegrass,bikkaakaáshe,,Grasses & Grasslike,real grass,"<p>
<b>Description</b>: A large shrub, up to 15 feet in height. The
branches are thorny. The oval shaped leaves alternate
arranged, 2–4 inches long, dark green, smooth and pale on
the underside. The small flowers with five, white petals and
yelow tipped stamens occur singly or in clusters. Spherical
to oblong fruit is yellow to reddish-purple and 1 inch in
diameter.
</p>
<br>
<p>
<b>Habitat</b>: Thickets, woodlands, mountain slopes; plains, and
valleys.
</p>
<br>
<p>
<b>Uses</b>: Fruit is edible. Branches used for ceremonies. Roots
have been used to make dyes.
</p>","[{""file"": ""29972_ammiteeniisahchaxuuwe--fringed-sage_Entry1_VCA_1749240117504.mp3""}]","[{""file"": ""Sweetgrass.jpg""}]",sweetgrass-map.jpg
Elymus canadensis,canadian ryegrass,bikkaashúushuhkaate,,Grasses & Grasslike,wide blade grass,"<p>
<b>Description</b>: A large shrub, up to 15 feet in height. The
branches are thorny. The oval shaped leaves alternate
arranged, 2–4 inches long, dark green, smooth and pale on
the underside. The small flowers with five, white petals and
yelow tipped stamens occur singly or in clusters. Spherical
to oblong fruit is yellow to reddish-purple and 1 inch in
diameter.
</p>
<br>
<p>
<b>Habitat</b>: Thickets, woodlands, mountain slopes; plains, and
valleys.
</p>
<br>
<p>
<b>Uses</b>: Fruit is edible. Branches used for ceremonies. Roots
have been used to make dyes.
</p>","[{""file"": ""03349_bicheechihtashiile-_yellow-currant-yellow-goo_FemaleCitation_RH_2.mp3""}]","[{""file"": ""Tarragon.jpg""}]","tarragon-map.jpg"
Poaceae,grass,bikkée,,Grasses & Grasslike,,"<p>
<b>Description</b>: A large shrub, up to 15 feet in height. The
branches are thorny. The oval shaped leaves alternate
arranged, 2–4 inches long, dark green, smooth and pale on
the underside. The small flowers with five, white petals and
yelow tipped stamens occur singly or in clusters. Spherical
to oblong fruit is yellow to reddish-purple and 1 inch in
diameter.
</p>
<br>
<p>
<b>Habitat</b>: Thickets, woodlands, mountain slopes; plains, and
valleys.
</p>
<br>
<p>
<b>Uses</b>: Fruit is edible. Branches used for ceremonies. Roots
have been used to make dyes.
</p>","[{""file"": ""3623_biliititdia_ivesia_gordens_grantbulltail1.mp3""}]","[{""file"": ""Springbeauty.jpg""}]",springbeauty-map.jpg
Verbascum thapsus,mullein,áape isée,,Herbs & Medicinal Plants,big leaf,"<p>
<b>Description</b>: A large shrub, up to 15 feet in height. The
branches are thorny. The oval shaped leaves alternate
arranged, 2–4 inches long, dark green, smooth and pale on
the underside. The small flowers with five, white petals and
yelow tipped stamens occur singly or in clusters. Spherical
to oblong fruit is yellow to reddish-purple and 1 inch in
diameter.
</p>
<br>
<p>
<b>Habitat</b>: Thickets, woodlands, mountain slopes; plains, and
valleys.
</p>
<br>
<p>
<b>Uses</b>: Fruit is edible. Branches used for ceremonies. Roots
have been used to make dyes.
</p>","[{""file"": ""3956_cheetilichitche_big_sage_CGL.mp3""}]","[{""file"": ""Ivesia.jpg""}]","ivesia-map.jpg"
Artemisia frigida,"sage, fringe",ammitáaniisahchaxuuwe,ammitéeniisahchaxuuwe,Herbs & Medicinal Plants,sage from the back,"<p>
<b>Description</b>: A large shrub, up to 15 feet in height. The
branches are thorny. The oval shaped leaves alternate
arranged, 2–4 inches long, dark green, smooth and pale on
the underside. The small flowers with five, white petals and
yelow tipped stamens occur singly or in clusters. Spherical
to oblong fruit is yellow to reddish-purple and 1 inch in
diameter.
</p>
<br>
<p>
<b>Habitat</b>: Thickets, woodlands, mountain slopes; plains, and
valleys.
</p>
<br>
<p>
<b>Uses</b>: Fruit is edible. Branches used for ceremonies. Roots
have been used to make dyes.
</p>","[{""file"": ""29857_awachuhke-baaapaale-shiile--prairie-coneflower_Entry1_VCA_1749240700992.mp3""}]","[{""file"": ""Western_Sweet_Cicely.jpg""}]",western_sweetcicely.jpg
Ligusticum canbyi,lovage,apupóope,,Herbs & Medicinal Plants,Nez Perce tobacco,"<p>
<b>Description</b>: A large shrub, up to 15 feet in height. The
branches are thorny. The oval shaped leaves alternate
arranged, 2–4 inches long, dark green, smooth and pale on
the underside. The small flowers with five, white petals and
yelow tipped stamens occur singly or in clusters. Spherical
to oblong fruit is yellow to reddish-purple and 1 inch in
diameter.
</p>
<br>
<p>
<b>Habitat</b>: Thickets, woodlands, mountain slopes; plains, and
valleys.
</p>
<br>
<p>
<b>Uses</b>: Fruit is edible. Branches used for ceremonies. Roots
have been used to make dyes.
</p>","[{""file"": ""29857_awachuhke-baaapaale-shiile--prairie-coneflower_Entry1_VCA_1749240700992.mp3""}]","[{""file"": ""Bedstraw.jpg""}]",bedstraw-map.jpg
Urtica dioica,nettles,baaapáale attáche,,Herbs & Medicinal Plants,sharp plant,"<p>
<b>Description</b>: A large shrub, up to 15 feet in height. The
branches are thorny. The oval shaped leaves alternate
arranged, 2–4 inches long, dark green, smooth and pale on
the underside. The small flowers with five, white petals and
yelow tipped stamens occur singly or in clusters. Spherical
to oblong fruit is yellow to reddish-purple and 1 inch in
diameter.
</p>
<br>
<p>
<b>Habitat</b>: Thickets, woodlands, mountain slopes; plains, and
valleys.
</p>
<br>
<p>
<b>Uses</b>: Fruit is edible. Branches used for ceremonies. Roots
have been used to make dyes.
</p>","[{""file"": ""3445_bikkaakaashe_bluegrass_CGL.mp3""}]","[{""file"": ""Ashe_Juniper.jpg""}]",creeping_juniper-map.jpg
Plantago virginicum,plantain,bachaaíish apáale,,Herbs & Medicinal Plants,comes together and grows,"<p>
<b>Description</b>: A large shrub, up to 15 feet in height. The
branches are thorny. The oval shaped leaves alternate
arranged, 2–4 inches long, dark green, smooth and pale on
the underside. The small flowers with five, white petals and
yelow tipped stamens occur singly or in clusters. Spherical
to oblong fruit is yellow to reddish-purple and 1 inch in
diameter.
</p>
<br>
<p>
<b>Habitat</b>: Thickets, woodlands, mountain slopes; plains, and
valleys.
</p>
<br>
<p>
<b>Uses</b>: Fruit is edible. Branches used for ceremonies. Roots
have been used to make dyes.
</p>","[{""file"": ""90180_iichiile-uuwuussiio--meadow-rue_AudioFemaleCitation_RH_1627934891692.mp3""}]","[{""file"": ""Lupine.jpg""}]",lupine-map.jpg
Monarda menthaefolia; Monarda fistulosa var. menthifolia,horsemint,bahpuushé,awaxaammilishpítaape,Herbs & Medicinal Plants,one that is multicolored; mountain tea,"<p>
<b>Description</b>: A large shrub, up to 15 feet in height. The
branches are thorny. The oval shaped leaves alternate
arranged, 2–4 inches long, dark green, smooth and pale on
the underside. The small flowers with five, white petals and
yelow tipped stamens occur singly or in clusters. Spherical
to oblong fruit is yellow to reddish-purple and 1 inch in
diameter.
</p>
<br>
<p>
<b>Habitat</b>: Thickets, woodlands, mountain slopes; plains, and
valleys.
</p>
<br>
<p>
<b>Uses</b>: Fruit is edible. Branches used for ceremonies. Roots
have been used to make dyes.
</p>","[{""file"": ""6535_b_iiwaaistaleete_puff_ball_CGL.mp3""}]","[{""file"": ""Wild_Carrot.jpg""}]",wild_carrot-map.jpg
Cogswellia sp.; Daucus carota,wild carrot,bikkaasáhte,,Herbs & Medicinal Plants,forked grass,"<p>
<b>Description</b>: A large shrub, up to 15 feet in height. The
branches are thorny. The oval shaped leaves alternate
arranged, 2–4 inches long, dark green, smooth and pale on
the underside. The small flowers with five, white petals and
yelow tipped stamens occur singly or in clusters. Spherical
to oblong fruit is yellow to reddish-purple and 1 inch in
diameter.
</p>
<br>
<p>
<b>Habitat</b>: Thickets, woodlands, mountain slopes; plains, and
valleys.
</p>
<br>
<p>
<b>Uses</b>: Fruit is edible. Branches used for ceremonies. Roots
have been used to make dyes.
</p>","[{""file"": ""3452_bikkaasahte_carrot_wild_hubert_two_leggins.mp3""}]","[{""file"": ""Nootka_Rose.jpg""}]",nutka_rose-map.jpg
Osmorhiza longistylis,sweet cicely,bimmúuxpaalichikua,,Herbs & Medicinal Plants,sweet medicine in water,"<p>
<b>Description</b>: A large shrub, up to 15 feet in height. The
branches are thorny. The oval shaped leaves alternate
arranged, 2–4 inches long, dark green, smooth and pale on
the underside. The small flowers with five, white petals and
yelow tipped stamens occur singly or in clusters. Spherical
to oblong fruit is yellow to reddish-purple and 1 inch in
diameter.
</p>
<br>
<p>
<b>Habitat</b>: Thickets, woodlands, mountain slopes; plains, and
valleys.
</p>
<br>
<p>
<b>Uses</b>: Fruit is edible. Branches used for ceremonies. Roots
have been used to make dyes.
</p>","[{""file"": ""3445_bikkaakaashe_bluegrass_CGL.mp3""}]","[{""file"": ""Eastern_Cottonwood.jpg""}]",eastern_cottonwood-map.jpg
Hedeoma hispida,pennyroyal,cheétishbilishpite,,Herbs & Medicinal Plants,wolf’s coffee,"<p>
<b>Description</b>: A large shrub, up to 15 feet in height. The
branches are thorny. The oval shaped leaves alternate
arranged, 2–4 inches long, dark green, smooth and pale on
the underside. The small flowers with five, white petals and
yelow tipped stamens occur singly or in clusters. Spherical
to oblong fruit is yellow to reddish-purple and 1 inch in
diameter.
</p>
<br>
<p>
<b>Habitat</b>: Thickets, woodlands, mountain slopes; plains, and
valleys.
</p>
<br>
<p>
<b>Uses</b>: Fruit is edible. Branches used for ceremonies. Roots
have been used to make dyes.
</p>","[{""file"": ""1436_ashiiliia_pine_lodgepole_RPF.mp3""}]","[{""file"": ""Flax.jpg""}]","flax-map.jpg"
Achillea millefolium var. lanulosa,"yarrow, mountain",chihpachíiskisshe,chihpapuushchiiskáate,Herbs & Medicinal Plants,prairie dog tail; chipmunk tail,"<p>
<b>Description</b>: A large shrub, up to 15 feet in height. The
branches are thorny. The oval shaped leaves alternate
arranged, 2–4 inches long, dark green, smooth and pale on
the underside. The small flowers with five, white petals and
yelow tipped stamens occur singly or in clusters. Spherical
to oblong fruit is yellow to reddish-purple and 1 inch in
diameter.
</p>
<br>
<p>
<b>Habitat</b>: Thickets, woodlands, mountain slopes; plains, and
valleys.
</p>
<br>
<p>
<b>Uses</b>: Fruit is edible. Branches used for ceremonies. Roots
have been used to make dyes.
</p>","[{""file"": ""1959_baachiia_Pine_RileySinger.mp3""}]","[{""file"": ""Diamond_Willow.jpg""}]","diamond_willow-map.jpg"
Achillea millefolium var. occidentalis,"yarrow, western",chihpachíiskisshe,chihpapuushchiiskáate,Herbs & Medicinal Plants,prairie dog tail; chipmunk tail,"<p>
<b>Description</b>: A large shrub, up to 15 feet in height. The
branches are thorny. The oval shaped leaves alternate
arranged, 2–4 inches long, dark green, smooth and pale on
the underside. The small flowers with five, white petals and
yelow tipped stamens occur singly or in clusters. Spherical
to oblong fruit is yellow to reddish-purple and 1 inch in
diameter.
</p>
<br>
<p>
<b>Habitat</b>: Thickets, woodlands, mountain slopes; plains, and
valleys.
</p>
<br>
<p>
<b>Uses</b>: Fruit is edible. Branches used for ceremonies. Roots
have been used to make dyes.
</p>","[{""file"": ""7794_oopaache_marijuana_RCA.mp3""}]","[{""file"": ""Diamond_Willow.jpg""}]","diamond_willow-map.jpg"
Acorus calamus,calamus,dátchuawaaluushe,,Herbs & Medicinal Plants,what muskrats eat,"<p>
<b>Description</b>: A large shrub, up to 15 feet in height. The
branches are thorny. The oval shaped leaves alternate
arranged, 2–4 inches long, dark green, smooth and pale on
the underside. The small flowers with five, white petals and
yelow tipped stamens occur singly or in clusters. Spherical
to oblong fruit is yellow to reddish-purple and 1 inch in
diameter.
</p>
<br>
<p>
<b>Habitat</b>: Thickets, woodlands, mountain slopes; plains, and
valleys.
</p>
<br>
<p>
<b>Uses</b>: Fruit is edible. Branches used for ceremonies. Roots
have been used to make dyes.
</p>","[{""file"": ""3005_balaxxiikisshe_gun_toy_grantbulltail1.mp3""}]","[{""file"": ""silver_sage.jpg""}]",silver_sage-map.jpg
Valeriana septentrionales,northern valerian,ichilítshia,,Herbs & Medicinal Plants,smell foot,"<p>
<b>Description</b>: A large shrub, up to 15 feet in height. The
branches are thorny. The oval shaped leaves alternate
arranged, 2–4 inches long, dark green, smooth and pale on
the underside. The small flowers with five, white petals and
yelow tipped stamens occur singly or in clusters. Spherical
to oblong fruit is yellow to reddish-purple and 1 inch in
diameter.
</p>
<br>
<p>
<b>Habitat</b>: Thickets, woodlands, mountain slopes; plains, and
valleys.
</p>
<br>
<p>
<b>Uses</b>: Fruit is edible. Branches used for ceremonies. Roots
have been used to make dyes.
</p>","[{""file"": ""6599_iiwalaasuukuluxachkisee_gladiola_wild_rileysinger1.mp3""}]","[{""file"": ""Rocky Mountain Juniper.jpg""}]",rocky_mountain_juniper-map.jpg
Washingtonii divaricata,western sweet cicely,íiachikuakaate,,Herbs & Medicinal Plants,sweet mouth,"<p>
<b>Description</b>: A large shrub, up to 15 feet in height. The
branches are thorny. The oval shaped leaves alternate
arranged, 2–4 inches long, dark green, smooth and pale on
the underside. The small flowers with five, white petals and
yelow tipped stamens occur singly or in clusters. Spherical
to oblong fruit is yellow to reddish-purple and 1 inch in
diameter.
</p>
<br>
<p>
<b>Habitat</b>: Thickets, woodlands, mountain slopes; plains, and
valleys.
</p>
<br>
<p>
<b>Uses</b>: Fruit is edible. Branches used for ceremonies. Roots
have been used to make dyes.
</p>","[{""file"": ""3445_bikkaakaashe_bluegrass_CGL.mp3; NO DICTIONARY ENTRY""}]","[{""file"": ""Canada_Gooseberry.jpg""}]",gooseberry-map.jpg
Artemisia sp.,sage,iísahchaxuummaaxpee,,Herbs & Medicinal Plants,medicine sage,"<p>
<b>Description</b>: A large shrub, up to 15 feet in height. The
branches are thorny. The oval shaped leaves alternate
arranged, 2–4 inches long, dark green, smooth and pale on
the underside. The small flowers with five, white petals and
yelow tipped stamens occur singly or in clusters. Spherical
to oblong fruit is yellow to reddish-purple and 1 inch in
diameter.
</p>
<br>
<p>
<b>Habitat</b>: Thickets, woodlands, mountain slopes; plains, and
valleys.
</p>
<br>
<p>
<b>Uses</b>: Fruit is edible. Branches used for ceremonies. Roots
have been used to make dyes.
</p>","[{""file"": ""62948_bikkee-iiwaaiilua--northern-bedstraw_AudioFemaleCitation_RH_1627750209019.mp3""}]","[{""file"": ""Sweet_Cicely.jpg""}]","sweet_cicely-map.jpg"
Artemisia cana,"sage, silver",iísahchaxuuwe,baauhpachía,Herbs & Medicinal Plants,bunched stems; white top,"<p>
<b>Description</b>: A large shrub, up to 15 feet in height. The
branches are thorny. The oval shaped leaves alternate
arranged, 2–4 inches long, dark green, smooth and pale on
the underside. The small flowers with five, white petals and
yelow tipped stamens occur singly or in clusters. Spherical
to oblong fruit is yellow to reddish-purple and 1 inch in
diameter.
</p>
<br>
<p>
<b>Habitat</b>: Thickets, woodlands, mountain slopes; plains, and
valleys.
</p>
<br>
<p>
<b>Uses</b>: Fruit is edible. Branches used for ceremonies. Roots
have been used to make dyes.
</p>","[{""file"": ""2865_bachuate_sweetgrass_rileysinger.mp3""}]","[{""file"": ""locoweed.jpg""}]","locoweed-map.jpg"
Artemisia ludiviciana,sage,iísahchaxuuwilichitche,,Herbs & Medicinal Plants,fragrant bunched stems,"<p>
<b>Description</b>: A large shrub, up to 15 feet in height. The
branches are thorny. The oval shaped leaves alternate
arranged, 2–4 inches long, dark green, smooth and pale on
the underside. The small flowers with five, white petals and
yelow tipped stamens occur singly or in clusters. Spherical
to oblong fruit is yellow to reddish-purple and 1 inch in
diameter.
</p>
<br>
<p>
<b>Habitat</b>: Thickets, woodlands, mountain slopes; plains, and
valleys.
</p>
<br>
<p>
<b>Uses</b>: Fruit is edible. Branches used for ceremonies. Roots
have been used to make dyes.
</p>","[{""file"": ""85820_ichlitshia--northern-valerian_AudioFemaleCitation_RH_1627934557428.mp3""}]","[{""file"": ""Mountain_Sweet_Cicely.jpg""}]","mountain_sweetcicely.jpg"
Mentha arvenis,fieldmint,shússhua,,Herbs & Medicinal Plants,,"<p>
<b>Description</b>: A large shrub, up to 15 feet in height. The
branches are thorny. The oval shaped leaves alternate
arranged, 2–4 inches long, dark green, smooth and pale on
the underside. The small flowers with five, white petals and
yelow tipped stamens occur singly or in clusters. Spherical
to oblong fruit is yellow to reddish-purple and 1 inch in
diameter.
</p>
<br>
<p>
<b>Habitat</b>: Thickets, woodlands, mountain slopes; plains, and
valleys.
</p>
<br>
<p>
<b>Uses</b>: Fruit is edible. Branches used for ceremonies. Roots
have been used to make dyes.
</p>","[{""file"": ""29165_daxpitchishtasshe--grape_Entry1_LYM_1754605763957.mp3""}]","[{""file"": ""Indian Paintbrush.jpg""}]","indian_paintbrush-map.jpg"
Equisetum variegatum,horsetail,ahpaláaxisiipchikisshe,"ahpaláaxisiikooshkisshe, ahpaláaxiikooshkisshe",Other or Unsorted,imitation ghost's pipe; imitation ghost's whistle,"<p>
<b>Description</b>: A large shrub, up to 15 feet in height. The
branches are thorny. The oval shaped leaves alternate
arranged, 2–4 inches long, dark green, smooth and pale on
the underside. The small flowers with five, white petals and
yelow tipped stamens occur singly or in clusters. Spherical
to oblong fruit is yellow to reddish-purple and 1 inch in
diameter.
</p>
<br>
<p>
<b>Habitat</b>: Thickets, woodlands, mountain slopes; plains, and
valleys.
</p>
<br>
<p>
<b>Uses</b>: Fruit is edible. Branches used for ceremonies. Roots
have been used to make dyes.
</p>","[{""file"": ""2992_balawuuleete_elderberry_RPF.mp3""}]","[{""file"": ""Shootingstar.jpg""}]",shootingstar-map.jpg
Capsella bursa-pastoris,shepards purse,awaxóosshipite,,Other or Unsorted,pepper,"<p>
<b>Description</b>: A large shrub, up to 15 feet in height. The
branches are thorny. The oval shaped leaves alternate
arranged, 2–4 inches long, dark green, smooth and pale on
the underside. The small flowers with five, white petals and
yelow tipped stamens occur singly or in clusters. Spherical
to oblong fruit is yellow to reddish-purple and 1 inch in
diameter.
</p>
<br>
<p>
<b>Habitat</b>: Thickets, woodlands, mountain slopes; plains, and
valleys.
</p>
<br>
<p>
<b>Uses</b>: Fruit is edible. Branches used for ceremonies. Roots
have been used to make dyes.
</p>","[{""file"": ""28734_bimmuummaaapaalikshe--arrowhead_Entry1_LYM_1754598397396.mp3""}]","[{""file"": ""Yampa.jpg""}]","yampa-map.jpg"
Apiosporina morbosa,black knot,baáchuua peelé,,Other or Unsorted,cherry (tree) excrement,"<p>
<b>Description</b>: A large shrub, up to 15 feet in height. The
branches are thorny. The oval shaped leaves alternate
arranged, 2–4 inches long, dark green, smooth and pale on
the underside. The small flowers with five, white petals and
yelow tipped stamens occur singly or in clusters. Spherical
to oblong fruit is yellow to reddish-purple and 1 inch in
diameter.
</p>
<br>
<p>
<b>Habitat</b>: Thickets, woodlands, mountain slopes; plains, and
valleys.
</p>
<br>
<p>
<b>Uses</b>: Fruit is edible. Branches used for ceremonies. Roots
have been used to make dyes.
</p>","[{""file"": ""66261_bishiihchiia--black-tree-lichen_AudioFemaleCitation_RH_1627751176750.mp3""}]","[{""file"": ""Nodding_Onion.jpg""}]","nodding_onion-map.jpg"
Amelanchier alnifolia,juneberry/sarvisberry,baáchuuawuuleete,"balákaashe, balakaáshe",Other or Unsorted,hollow berry; real wood,"<p>
<b>Description</b>: A large shrub, up to 15 feet in height. The
branches are thorny. The oval shaped leaves alternate
arranged, 2–4 inches long, dark green, smooth and pale on
the underside. The small flowers with five, white petals and
yelow tipped stamens occur singly or in clusters. Spherical
to oblong fruit is yellow to reddish-purple and 1 inch in
diameter.
</p>
<br>
<p>
<b>Habitat</b>: Thickets, woodlands, mountain slopes; plains, and
valleys.
</p>
<br>
<p>
<b>Uses</b>: Fruit is edible. Branches used for ceremonies. Roots
have been used to make dyes.
</p>","[{""file"": ""96853_iiwaalaashuukuluxachkisshe--blue-flag-iris_AudioFemaleCitation_RH_1627509574651.mp3""}]","[{""file"": ""horsetail.jpg""}]",horsetail-map.jpg
Galium boreale,bedstraw (northern),baaiilúa,,Other or Unsorted,one with colors; used to make colors; grass used to color,"<p>
<b>Description</b>: A large shrub, up to 15 feet in height. The
branches are thorny. The oval shaped leaves alternate
arranged, 2–4 inches long, dark green, smooth and pale on
the underside. The small flowers with five, white petals and
yelow tipped stamens occur singly or in clusters. Spherical
to oblong fruit is yellow to reddish-purple and 1 inch in
diameter.
</p>
<br>
<p>
<b>Habitat</b>: Thickets, woodlands, mountain slopes; plains, and
valleys.
</p>
<br>
<p>
<b>Uses</b>: Fruit is edible. Branches used for ceremonies. Roots
have been used to make dyes.
</p>","[{""file"": ""5838_ihe_turnip_rileysinger1.mp4""}]","[{""file"": ""Baneberry.jpg""}]",baneberry-map.jpg 
Claytonia lonceolata,springbeauty,baaisaashishché,,Other or Unsorted,mealy body,"<p>
<b>Description</b>: A large shrub, up to 15 feet in height. The
branches are thorny. The oval shaped leaves alternate
arranged, 2–4 inches long, dark green, smooth and pale on
the underside. The small flowers with five, white petals and
yelow tipped stamens occur singly or in clusters. Spherical
to oblong fruit is yellow to reddish-purple and 1 inch in
diameter.
</p>
<br>
<p>
<b>Habitat</b>: Thickets, woodlands, mountain slopes; plains, and
valleys.
</p>
<br>
<p>
<b>Uses</b>: Fruit is edible. Branches used for ceremonies. Roots
have been used to make dyes.
</p>","[{""file"": ""2368_baalashiisshee_buffalo_berry_rileysinger1.mp3""}]","[{""file"": ""Western White Pine.jpg""}]",western_white_pine-map.jpg
Lomatium cous,biscuitroot,baaisaasishipíte,,Other or Unsorted,black one with a mealy body,"<p>
<b>Description</b>: A large shrub, up to 15 feet in height. The
branches are thorny. The oval shaped leaves alternate
arranged, 2–4 inches long, dark green, smooth and pale on
the underside. The small flowers with five, white petals and
yelow tipped stamens occur singly or in clusters. Spherical
to oblong fruit is yellow to reddish-purple and 1 inch in
diameter.
</p>
<br>
<p>
<b>Habitat</b>: Thickets, woodlands, mountain slopes; plains, and
valleys.
</p>
<br>
<p>
<b>Uses</b>: Fruit is edible. Branches used for ceremonies. Roots
have been used to make dyes.
</p>","[{""file"": ""16342_puppua--buffalo-grass_AudioMaleCitation_HH_1627936348629.mp3""}]","[{""file"": ""Baneberry.jpg""}]",baneberry-map.jpg
Musineon divaricatum,leafy musineon,baaisaasishipíte,,Other or Unsorted,one with a black body,"<p>
<b>Description</b>: A large shrub, up to 15 feet in height. The
branches are thorny. The oval shaped leaves alternate
arranged, 2–4 inches long, dark green, smooth and pale on
the underside. The small flowers with five, white petals and
yelow tipped stamens occur singly or in clusters. Spherical
to oblong fruit is yellow to reddish-purple and 1 inch in
diameter.
</p>
<br>
<p>
<b>Habitat</b>: Thickets, woodlands, mountain slopes; plains, and
valleys.
</p>
<br>
<p>
<b>Uses</b>: Fruit is edible. Branches used for ceremonies. Roots
have been used to make dyes.
</p>","[{""file"": ""01044_baaxxe--burdock_Entry1_LYM_1753468171789.mp3""}]","[{""file"": ""Strawberry.jpg""}]",strawberry-map.jpg
Tragopogon dubius,western salsify,baapapásshduuxee,,Other or Unsorted,spread out sphere one,"<p>
<b>Description</b>: A large shrub, up to 15 feet in height. The
branches are thorny. The oval shaped leaves alternate
arranged, 2–4 inches long, dark green, smooth and pale on
the underside. The small flowers with five, white petals and
yelow tipped stamens occur singly or in clusters. Spherical
to oblong fruit is yellow to reddish-purple and 1 inch in
diameter.
</p>
<br>
<p>
<b>Habitat</b>: Thickets, woodlands, mountain slopes; plains, and
valleys.
</p>
<br>
<p>
<b>Uses</b>: Fruit is edible. Branches used for ceremonies. Roots
have been used to make dyes.
</p>","[{""file"": ""3353_bicheechihte_gooseberry_halfbreed_RPF.mp3""}]","[{""file"": ""Wax_Currant.jpg""}]",wax_currant-map.jpg
Cirsium arvense,"thistle, canada",baapássache,bilitishé iiá,Other or Unsorted,one that sticks: that which sticks,"<p>
<b>Description</b>: A large shrub, up to 15 feet in height. The
branches are thorny. The oval shaped leaves alternate
arranged, 2–4 inches long, dark green, smooth and pale on
the underside. The small flowers with five, white petals and
yelow tipped stamens occur singly or in clusters. Spherical
to oblong fruit is yellow to reddish-purple and 1 inch in
diameter.
</p>
<br>
<p>
<b>Habitat</b>: Thickets, woodlands, mountain slopes; plains, and
valleys.
</p>
<br>
<p>
<b>Uses</b>: Fruit is edible. Branches used for ceremonies. Roots
have been used to make dyes.
</p>","[{""file"": ""3461_bikkaashusshuhkate_wild_rye_canadian_hubert_two_leggins.mp3""}]","[{""file"": ""Chokecherry.jpg""}]",chokecherry-map.jpg
Cirsium scariosum,"thistle, elk",baapássache,,Other or Unsorted,one that sticks,"<p>
<b>Description</b>: A large shrub, up to 15 feet in height. The
branches are thorny. The oval shaped leaves alternate
arranged, 2–4 inches long, dark green, smooth and pale on
the underside. The small flowers with five, white petals and
yelow tipped stamens occur singly or in clusters. Spherical
to oblong fruit is yellow to reddish-purple and 1 inch in
diameter.
</p>
<br>
<p>
<b>Habitat</b>: Thickets, woodlands, mountain slopes; plains, and
valleys.
</p>
<br>
<p>
<b>Uses</b>: Fruit is edible. Branches used for ceremonies. Roots
have been used to make dyes.
</p>","[{""file"": ""3445_bikkaakaashe_bluegrass_CGL.mp3""}]","[{""file"": ""Chokecherry.jpg""}]",chokecherry-map.jpg
Sarcobatus vermiculatus,greasewood,baashesshéhpiia,iiíipchichipaxxaxxe,Other or Unsorted,one twisted in different directions (RS; thickets of sharp plants in rough country); tool repeatedly inserted into pipe,"<p>
<b>Description</b>: A large shrub, up to 15 feet in height. The
branches are thorny. The oval shaped leaves alternate
arranged, 2–4 inches long, dark green, smooth and pale on
the underside. The small flowers with five, white petals and
yelow tipped stamens occur singly or in clusters. Spherical
to oblong fruit is yellow to reddish-purple and 1 inch in
diameter.
</p>
<br>
<p>
<b>Habitat</b>: Thickets, woodlands, mountain slopes; plains, and
valleys.
</p>
<br>
<p>
<b>Uses</b>: Fruit is edible. Branches used for ceremonies. Roots
have been used to make dyes.
</p>","[{""file"": ""3695_bilittishe_iia_Canadian_thistle__CGL.mp3""}]","[{""file"": ""Clematis.jpg""}]",clematis.jpg
Matricia matricarioides,pineapple weed/wild chamomile,baauhpashíililiksshe,,Other or Unsorted,fragrant yellow flower,"<p>
<b>Description</b>: A large shrub, up to 15 feet in height. The
branches are thorny. The oval shaped leaves alternate
arranged, 2–4 inches long, dark green, smooth and pale on
the underside. The small flowers with five, white petals and
yelow tipped stamens occur singly or in clusters. Spherical
to oblong fruit is yellow to reddish-purple and 1 inch in
diameter.
</p>
<br>
<p>
<b>Habitat</b>: Thickets, woodlands, mountain slopes; plains, and
valleys.
</p>
<br>
<p>
<b>Uses</b>: Fruit is edible. Branches used for ceremonies. Roots
have been used to make dyes.
</p>","[{""file"": ""8630_xapaalilitshia_root_type_of_brianprettyeagle1.mp3""}]","[{""file"": ""peyote.jpg""}]",biscuitroot-map.jpg
Grindelia squarrosa,rosinweed,baauhpashíilitshia,baauhpashíililitshia,Other or Unsorted,stinky yellow tip,"<p>
<b>Description</b>: A large shrub, up to 15 feet in height. The
branches are thorny. The oval shaped leaves alternate
arranged, 2–4 inches long, dark green, smooth and pale on
the underside. The small flowers with five, white petals and
yelow tipped stamens occur singly or in clusters. Spherical
to oblong fruit is yellow to reddish-purple and 1 inch in
diameter.
</p>
<br>
<p>
<b>Habitat</b>: Thickets, woodlands, mountain slopes; plains, and
valleys.
</p>
<br>
<p>
<b>Uses</b>: Fruit is edible. Branches used for ceremonies. Roots
have been used to make dyes.
</p>","[{""file"": ""2770_baaxoose_cattail_spike_grantbulltail.mp3""}]","[{""file"": ""Prickly_Pear.jpg""}]","prickly_pear-map.jpg"
Arctium minus,burdock,baaxxíia,,Other or Unsorted,bur,"<p>
<b>Description</b>: A large shrub, up to 15 feet in height. The
branches are thorny. The oval shaped leaves alternate
arranged, 2–4 inches long, dark green, smooth and pale on
the underside. The small flowers with five, white petals and
yelow tipped stamens occur singly or in clusters. Spherical
to oblong fruit is yellow to reddish-purple and 1 inch in
diameter.
</p>
<br>
<p>
<b>Habitat</b>: Thickets, woodlands, mountain slopes; plains, and
valleys.
</p>
<br>
<p>
<b>Uses</b>: Fruit is edible. Branches used for ceremonies. Roots
have been used to make dyes.
</p>","[{""file"": ""02980_balapuua-_chokecherry-bush_MaleCitation_JRB_2.mp3""}]","[{""file"": ""Kinnikinnick.jpg""}]","kiinnikinnick-map.jpg"
Convolvuslus arvensis,morning glory,balápaaliia,,Other or Unsorted,wrapped around a tree,"<p>
<b>Description</b>: A large shrub, up to 15 feet in height. The
branches are thorny. The oval shaped leaves alternate
arranged, 2–4 inches long, dark green, smooth and pale on
the underside. The small flowers with five, white petals and
yelow tipped stamens occur singly or in clusters. Spherical
to oblong fruit is yellow to reddish-purple and 1 inch in
diameter.
</p>
<br>
<p>
<b>Habitat</b>: Thickets, woodlands, mountain slopes; plains, and
valleys.
</p>
<br>
<p>
<b>Uses</b>: Fruit is edible. Branches used for ceremonies. Roots
have been used to make dyes.
</p>","[{""file"": ""3445_bikkaakaashe_bluegrass_CGL.mp3""}]","[{""file"": ""sunflower.jpg""}]","sunflower-map.jpg"
Rubus parviflorus,thimble berry,baleischuhpalékisshe,,Other or Unsorted,imitation thimble,"<p>
<b>Description</b>: A large shrub, up to 15 feet in height. The
branches are thorny. The oval shaped leaves alternate
arranged, 2–4 inches long, dark green, smooth and pale on
the underside. The small flowers with five, white petals and
yelow tipped stamens occur singly or in clusters. Spherical
to oblong fruit is yellow to reddish-purple and 1 inch in
diameter.
</p>
<br>
<p>
<b>Habitat</b>: Thickets, woodlands, mountain slopes; plains, and
valleys.
</p>
<br>
<p>
<b>Uses</b>: Fruit is edible. Branches used for ceremonies. Roots
have been used to make dyes.
</p>","[{""file"": ""2647_baauhpashiililitshia_rosin_weed_rileysinger1.mp3""}]","[{""file"": ""Chokecherry.jpg""}]",chokecherry-map.jpg
Betula occidentalis,water birch?,balíktawake,,Other or Unsorted,gash wood,"<p>
<b>Description</b>: A large shrub, up to 15 feet in height. The
branches are thorny. The oval shaped leaves alternate
arranged, 2–4 inches long, dark green, smooth and pale on
the underside. The small flowers with five, white petals and
yelow tipped stamens occur singly or in clusters. Spherical
to oblong fruit is yellow to reddish-purple and 1 inch in
diameter.
</p>
<br>
<p>
<b>Habitat</b>: Thickets, woodlands, mountain slopes; plains, and
valleys.
</p>
<br>
<p>
<b>Uses</b>: Fruit is edible. Branches used for ceremonies. Roots
have been used to make dyes.
</p>","[{""file"": ""2645_baauhpashiililichitche_gumweed_curlcup_rileysinger1.mp3""}]","[{""file"": ""Skunkbush.jpg""}]",skunkbush_sumac-map.jpg
Ribes sp.,gooseberry,bichéechihte,,Other or Unsorted,,"<p>
<b>Description</b>: A large shrub, up to 15 feet in height. The
branches are thorny. The oval shaped leaves alternate
arranged, 2–4 inches long, dark green, smooth and pale on
the underside. The small flowers with five, white petals and
yelow tipped stamens occur singly or in clusters. Spherical
to oblong fruit is yellow to reddish-purple and 1 inch in
diameter.
</p>
<br>
<p>
<b>Habitat</b>: Thickets, woodlands, mountain slopes; plains, and
valleys.
</p>
<br>
<p>
<b>Uses</b>: Fruit is edible. Branches used for ceremonies. Roots
have been used to make dyes.
</p>","[{""file"": ""2893_bahkashua_cottonwood_rileysinger.mp3""}]","[{""file"": ""Canada_Thistle.jpg""}]",canada_thistle-map.jpg
Rosa nutkana,rosebush,bichkapé,"bakúte, bishkabúua",Other or Unsorted,dog's nose; along side of dog’s nose; dog’s sole,"<p>
<b>Description</b>: A large shrub, up to 15 feet in height. The
branches are thorny. The oval shaped leaves alternate
arranged, 2–4 inches long, dark green, smooth and pale on
the underside. The small flowers with five, white petals and
yelow tipped stamens occur singly or in clusters. Spherical
to oblong fruit is yellow to reddish-purple and 1 inch in
diameter.
</p>
<br>
<p>
<b>Habitat</b>: Thickets, woodlands, mountain slopes; plains, and
valleys.
</p>
<br>
<p>
<b>Uses</b>: Fruit is edible. Branches used for ceremonies. Roots
have been used to make dyes.
</p>","[{""file"": ""2990_balawuuleetbaachuu_elderberry_black_RPF.mp3""}]","[{""file"": ""primrose.jpg""}]","turnip-map.jpg"
Physalis pumila,ground cherry,bichkapé awaté,cheéte áashke,Other or Unsorted,ground tomato; wolf testicle,"<p>
<b>Description</b>: A large shrub, up to 15 feet in height. The
branches are thorny. The oval shaped leaves alternate
arranged, 2–4 inches long, dark green, smooth and pale on
the underside. The small flowers with five, white petals and
yelow tipped stamens occur singly or in clusters. Spherical
to oblong fruit is yellow to reddish-purple and 1 inch in
diameter.
</p>
<br>
<p>
<b>Habitat</b>: Thickets, woodlands, mountain slopes; plains, and
valleys.
</p>
<br>
<p>
<b>Uses</b>: Fruit is edible. Branches used for ceremonies. Roots
have been used to make dyes.
</p>","[{""file"": ""30183_baapassache--Canadian-thistle_Entry1_LYM_1753466529914.mp3""}]","[{""file"": ""Morning_Glory.jpg""}]",morning_glory-map.jpg
Arctostaphylos uva‑ursi,kinnikinnick,biishiishshe,óopiishiia,Other or Unsorted,glossy leaves; tobacco mix,"<p>
<b>Description</b>: A large shrub, up to 15 feet in height. The
branches are thorny. The oval shaped leaves alternate
arranged, 2–4 inches long, dark green, smooth and pale on
the underside. The small flowers with five, white petals and
yelow tipped stamens occur singly or in clusters. Spherical
to oblong fruit is yellow to reddish-purple and 1 inch in
diameter.
</p>
<br>
<p>
<b>Habitat</b>: Thickets, woodlands, mountain slopes; plains, and
valleys.
</p>
<br>
<p>
<b>Uses</b>: Fruit is edible. Branches used for ceremonies. Roots
have been used to make dyes.
</p>","[{""file"": ""8332_shusshua_peppermint_wild_rileysinger1.mp3""}]","[{""file"": ""Wolf Moss.jpg""}]",wolf_lupine-map.jpg
Perideridia gairdneri,yampa,bikkaasáhte,,Other or Unsorted,forked grass,"<p>
<b>Description</b>: A large shrub, up to 15 feet in height. The
branches are thorny. The oval shaped leaves alternate
arranged, 2–4 inches long, dark green, smooth and pale on
the underside. The small flowers with five, white petals and
yelow tipped stamens occur singly or in clusters. Spherical
to oblong fruit is yellow to reddish-purple and 1 inch in
diameter.
</p>
<br>
<p>
<b>Habitat</b>: Thickets, woodlands, mountain slopes; plains, and
valleys.
</p>
<br>
<p>
<b>Uses</b>: Fruit is edible. Branches used for ceremonies. Roots
have been used to make dyes.
</p>","[{""file"": ""84475_huupatatche--golden-currant_AudioFemaleCitation_RH_1627841831979.mp3""}]","[{""file"": ""Diamond_Willow.jpg""}]","diamond_willow-map.jpg"
Montia parvifolia,indian lettuce,bikkaashúa baaluusúua,,Other or Unsorted,green grass they eat,"<p>
<b>Description</b>: A large shrub, up to 15 feet in height. The
branches are thorny. The oval shaped leaves alternate
arranged, 2–4 inches long, dark green, smooth and pale on
the underside. The small flowers with five, white petals and
yelow tipped stamens occur singly or in clusters. Spherical
to oblong fruit is yellow to reddish-purple and 1 inch in
diameter.
</p>
<br>
<p>
<b>Habitat</b>: Thickets, woodlands, mountain slopes; plains, and
valleys.
</p>
<br>
<p>
<b>Uses</b>: Fruit is edible. Branches used for ceremonies. Roots
have been used to make dyes.
</p>","[{""file"": ""93499_iipchuupe--golden-currant_AudioFemaleCitation_RH_1627935356557.mp3""}]","[{""file"": ""Ryegrass.jpg""}]","ryegrass-map.jpg"
Ivesia gordonii,ivesia,biliitítdia,chihpaxxiióoshbaailíchitche,Other or Unsorted,smells like willow; rock chuck’s perfume (?),"<p>
<b>Description</b>: A large shrub, up to 15 feet in height. The
branches are thorny. The oval shaped leaves alternate
arranged, 2–4 inches long, dark green, smooth and pale on
the underside. The small flowers with five, white petals and
yelow tipped stamens occur singly or in clusters. Spherical
to oblong fruit is yellow to reddish-purple and 1 inch in
diameter.
</p>
<br>
<p>
<b>Habitat</b>: Thickets, woodlands, mountain slopes; plains, and
valleys.
</p>
<br>
<p>
<b>Uses</b>: Fruit is edible. Branches used for ceremonies. Roots
have been used to make dyes.
</p>","[{""file"": ""6083_iiiipchichipaxxaxxe_greasewood_GBT.mp3""}]","[{""file"": ""horsetail.jpg""}]",horsetail-map.jpg
Sphagnum lindbergii,moss,bimmaáhchiia satché,,Other or Unsorted,thick green,"<p>
<b>Description</b>: A large shrub, up to 15 feet in height. The
branches are thorny. The oval shaped leaves alternate
arranged, 2–4 inches long, dark green, smooth and pale on
the underside. The small flowers with five, white petals and
yelow tipped stamens occur singly or in clusters. Spherical
to oblong fruit is yellow to reddish-purple and 1 inch in
diameter.
</p>
<br>
<p>
<b>Habitat</b>: Thickets, woodlands, mountain slopes; plains, and
valleys.
</p>
<br>
<p>
<b>Uses</b>: Fruit is edible. Branches used for ceremonies. Roots
have been used to make dyes.
</p>","[{""file"": ""3643_bilippite_green_ash_tree_CGL.mp3""}]","[{""file"": ""Cow_parsnip.jpg""}]","cowparsnip-map.jpg"
Typha latifolia,cattail,bimmaapée,,Other or Unsorted,water plant; moldy one (spike),"<p>
<b>Description</b>: A large shrub, up to 15 feet in height. The
branches are thorny. The oval shaped leaves alternate
arranged, 2–4 inches long, dark green, smooth and pale on
the underside. The small flowers with five, white petals and
yelow tipped stamens occur singly or in clusters. Spherical
to oblong fruit is yellow to reddish-purple and 1 inch in
diameter.
</p>
<br>
<p>
<b>Habitat</b>: Thickets, woodlands, mountain slopes; plains, and
valleys.
</p>
<br>
<p>
<b>Uses</b>: Fruit is edible. Branches used for ceremonies. Roots
have been used to make dyes.
</p>","[{""file"": ""03570_bichkapaweete--groundcherry_Entry1_LYM_1753468904562.mp3""}]","[{""file"": ""White_Sage.jpg""}]",white_sage-map.jpg
Gutierrezia sarothrae,"matchbush
 broom; snakeweed",bishéewaaluushissee,,Other or Unsorted,grass the buffalo won't eat,"<p>
<b>Description</b>: A large shrub, up to 15 feet in height. The
branches are thorny. The oval shaped leaves alternate
arranged, 2–4 inches long, dark green, smooth and pale on
the underside. The small flowers with five, white petals and
yelow tipped stamens occur singly or in clusters. Spherical
to oblong fruit is yellow to reddish-purple and 1 inch in
diameter.
</p>
<br>
<p>
<b>Habitat</b>: Thickets, woodlands, mountain slopes; plains, and
valleys.
</p>
<br>
<p>
<b>Uses</b>: Fruit is edible. Branches used for ceremonies. Roots
have been used to make dyes.
</p>","[{""file"": ""8778_ichimmaluchise_locoweed_Burdick1.mp3""}]","[{""file"": ""Broom_Snakeweed.jpg""}]","broom_snakeweed-map.jpg"
Allium cernuum,nodding onion,bítxua,,Other or Unsorted,bends over (on top),"<p>
<b>Description</b>: A large shrub, up to 15 feet in height. The
branches are thorny. The oval shaped leaves alternate
arranged, 2–4 inches long, dark green, smooth and pale on
the underside. The small flowers with five, white petals and
yelow tipped stamens occur singly or in clusters. Spherical
to oblong fruit is yellow to reddish-purple and 1 inch in
diameter.
</p>
<br>
<p>
<b>Habitat</b>: Thickets, woodlands, mountain slopes; plains, and
valleys.
</p>
<br>
<p>
<b>Uses</b>: Fruit is edible. Branches used for ceremonies. Roots
have been used to make dyes.
</p>","[{""file"": ""03776_bikkaashua-baaluusuua--indian-lettuce_Entry1_LYM_1753469493610.mp3""}]","[{""file"": ""Rocky Mountain Juniper.jpg""}]",rocky_mountain_juniper-map.jpg
Actea rubra,baneberry [red berry variant],buxpáalichikua,,Other or Unsorted,sweet medicine; black root,"<p>
<b>Description</b>: A large shrub, up to 15 feet in height. The
branches are thorny. The oval shaped leaves alternate
arranged, 2–4 inches long, dark green, smooth and pale on
the underside. The small flowers with five, white petals and
yelow tipped stamens occur singly or in clusters. Spherical
to oblong fruit is yellow to reddish-purple and 1 inch in
diameter.
</p>
<br>
<p>
<b>Habitat</b>: Thickets, woodlands, mountain slopes; plains, and
valleys.
</p>
<br>
<p>
<b>Uses</b>: Fruit is edible. Branches used for ceremonies. Roots
have been used to make dyes.
</p>","[{""file"": ""29244_iipumme--juneberry_Entry1_LYM_1754946480865.mp3""}]","[{""file"": ""sweetflag.jpg""}]","sweetflag-map.jpg"
Artemisia tridentata,sagebrush,cheétilichitche,,Other or Unsorted,fragrant wolf,"<p>
<b>Description</b>: A large shrub, up to 15 feet in height. The
branches are thorny. The oval shaped leaves alternate
arranged, 2–4 inches long, dark green, smooth and pale on
the underside. The small flowers with five, white petals and
yelow tipped stamens occur singly or in clusters. Spherical
to oblong fruit is yellow to reddish-purple and 1 inch in
diameter.
</p>
<br>
<p>
<b>Habitat</b>: Thickets, woodlands, mountain slopes; plains, and
valleys.
</p>
<br>
<p>
<b>Uses</b>: Fruit is edible. Branches used for ceremonies. Roots
have been used to make dyes.
</p>","[{""file"": ""29353_biishiishshe--kinnikinnick_Entry1_LYM_1754600900408.mp3""}]","[{""file"": ""locoweed.jpg""}]","locoweed-map.jpg"
Artemisia dracunculus,sagewort,cheétisbaailichitche,,Other or Unsorted,wolf's perfume,"<p>
<b>Description</b>: A large shrub, up to 15 feet in height. The
branches are thorny. The oval shaped leaves alternate
arranged, 2–4 inches long, dark green, smooth and pale on
the underside. The small flowers with five, white petals and
yelow tipped stamens occur singly or in clusters. Spherical
to oblong fruit is yellow to reddish-purple and 1 inch in
diameter.
</p>
<br>
<p>
<b>Habitat</b>: Thickets, woodlands, mountain slopes; plains, and
valleys.
</p>
<br>
<p>
<b>Uses</b>: Fruit is edible. Branches used for ceremonies. Roots
have been used to make dyes.
</p>","[{""file"": ""7803_oopiishiia_kinnickinnick_RCA.mp3""}]","[{""file"": ""locoweed.jpg""}]","locoweed-map.jpg"
Asclepias speciosa,milkweed,cheétisbaxupe,baláxxiikisshe,Other or Unsorted,wolf's gizzard; imitation gun,"<p>
<b>Description</b>: A large shrub, up to 15 feet in height. The
branches are thorny. The oval shaped leaves alternate
arranged, 2–4 inches long, dark green, smooth and pale on
the underside. The small flowers with five, white petals and
yelow tipped stamens occur singly or in clusters. Spherical
to oblong fruit is yellow to reddish-purple and 1 inch in
diameter.
</p>
<br>
<p>
<b>Habitat</b>: Thickets, woodlands, mountain slopes; plains, and
valleys.
</p>
<br>
<p>
<b>Uses</b>: Fruit is edible. Branches used for ceremonies. Roots
have been used to make dyes.
</p>","[{""file"": ""1959_baachiia_Pine_RileySinger.mp3""}]","[{""file"": ""Sneezeweed.jpg""}]",sneezeweed-map.jpg
Thlaspi arvense,pennycress,cheétishbilishpitbaakáate,,Other or Unsorted,wolf’s coffee’s child,"<p>
<b>Description</b>: A large shrub, up to 15 feet in height. The
branches are thorny. The oval shaped leaves alternate
arranged, 2–4 inches long, dark green, smooth and pale on
the underside. The small flowers with five, white petals and
yelow tipped stamens occur singly or in clusters. Spherical
to oblong fruit is yellow to reddish-purple and 1 inch in
diameter.
</p>
<br>
<p>
<b>Habitat</b>: Thickets, woodlands, mountain slopes; plains, and
valleys.
</p>
<br>
<p>
<b>Uses</b>: Fruit is edible. Branches used for ceremonies. Roots
have been used to make dyes.
</p>","[{""file"": ""3445_bikkaakaashe_bluegrass_CGL.mp3""}]","[{""file"": ""lovage.jpg""}]",lovage-map.jpg
Eriogonum umbellatum,wild buckwheat,chíischia,,Other or Unsorted,white tail,"<p>
<b>Description</b>: A large shrub, up to 15 feet in height. The
branches are thorny. The oval shaped leaves alternate
arranged, 2–4 inches long, dark green, smooth and pale on
the underside. The small flowers with five, white petals and
yelow tipped stamens occur singly or in clusters. Spherical
to oblong fruit is yellow to reddish-purple and 1 inch in
diameter.
</p>
<br>
<p>
<b>Habitat</b>: Thickets, woodlands, mountain slopes; plains, and
valleys.
</p>
<br>
<p>
<b>Uses</b>: Fruit is edible. Branches used for ceremonies. Roots
have been used to make dyes.
</p>","[{""file"": ""2804_bacheekisshe_doll_boy_rileysinger1.mp3""}]","[{""file"": ""Nootka_Rose.jpg""}]",nutka_rose-map.jpg
Dodecatheon pauciflorum,shooting star,dakáakapkisshe,,Other or Unsorted,imitation bird's beak,"<p>
<b>Description</b>: A large shrub, up to 15 feet in height. The
branches are thorny. The oval shaped leaves alternate
arranged, 2–4 inches long, dark green, smooth and pale on
the underside. The small flowers with five, white petals and
yelow tipped stamens occur singly or in clusters. Spherical
to oblong fruit is yellow to reddish-purple and 1 inch in
diameter.
</p>
<br>
<p>
<b>Habitat</b>: Thickets, woodlands, mountain slopes; plains, and
valleys.
</p>
<br>
<p>
<b>Uses</b>: Fruit is edible. Branches used for ceremonies. Roots
have been used to make dyes.
</p>","[{""file"": ""90180_iichiile-uuwuussiio--meadow-rue_AudioFemaleCitation_RH_1627934891692.mp3""}]","[{""file"": ""Turnip.jpg""}]","turnip-map.jpg"
Lithospermum ruderale,stone seed,eéliseexapiio,eéliseexapiia,Other or Unsorted,causes the loss of pregnancy,"<p>
<b>Description</b>: A large shrub, up to 15 feet in height. The
branches are thorny. The oval shaped leaves alternate
arranged, 2–4 inches long, dark green, smooth and pale on
the underside. The small flowers with five, white petals and
yelow tipped stamens occur singly or in clusters. Spherical
to oblong fruit is yellow to reddish-purple and 1 inch in
diameter.
</p>
<br>
<p>
<b>Habitat</b>: Thickets, woodlands, mountain slopes; plains, and
valleys.
</p>
<br>
<p>
<b>Uses</b>: Fruit is edible. Branches used for ceremonies. Roots
have been used to make dyes.
</p>","[{""file"": ""2644_baauhpashiile_sunflower_rileysinger1.mp3""}]","[{""file"": ""plantain.jpg""}]",plantain-map.jpg
Rhus trilobata,squawbush,iáxassaaisbale,"iáxassaawaalaachipe, iáxassaawalalachipe",Other or Unsorted,snake wood; snake lick,"<p>
<b>Description</b>: A large shrub, up to 15 feet in height. The
branches are thorny. The oval shaped leaves alternate
arranged, 2–4 inches long, dark green, smooth and pale on
the underside. The small flowers with five, white petals and
yelow tipped stamens occur singly or in clusters. Spherical
to oblong fruit is yellow to reddish-purple and 1 inch in
diameter.
</p>
<br>
<p>
<b>Habitat</b>: Thickets, woodlands, mountain slopes; plains, and
valleys.
</p>
<br>
<p>
<b>Uses</b>: Fruit is edible. Branches used for ceremonies. Roots
have been used to make dyes.
</p>","[{""file"": ""71308_balapaalia--morning-glory_Entry1_LYM_1750436581376.mp3""}]","[{""file"": ""Ponderosa Pine.jpg""}]","
ponderosa_pine-map.jpg"
Polygonum bistortoides,american bistort,ichíhchishiia,,Other or Unsorted,root turns back,"<p>
<b>Description</b>: A large shrub, up to 15 feet in height. The
branches are thorny. The oval shaped leaves alternate
arranged, 2–4 inches long, dark green, smooth and pale on
the underside. The small flowers with five, white petals and
yelow tipped stamens occur singly or in clusters. Spherical
to oblong fruit is yellow to reddish-purple and 1 inch in
diameter.
</p>
<br>
<p>
<b>Habitat</b>: Thickets, woodlands, mountain slopes; plains, and
valleys.
</p>
<br>
<p>
<b>Uses</b>: Fruit is edible. Branches used for ceremonies. Roots
have been used to make dyes.
</p>","[{""file"": ""30358_iiachikuakaate--Western-sweet-cicely_Entry1_LYM_1754944639627.mp3""}]","[{""file"": ""Rocky_Mountain_Maple.jpg""}]",rockymountain_maple-map.jpg
Ceanothus velutinus,elkweed,ichíhchishiishipite hisshe,,Other or Unsorted,dark red root,"<p>
<b>Description</b>: A large shrub, up to 15 feet in height. The
branches are thorny. The oval shaped leaves alternate
arranged, 2–4 inches long, dark green, smooth and pale on
the underside. The small flowers with five, white petals and
yelow tipped stamens occur singly or in clusters. Spherical
to oblong fruit is yellow to reddish-purple and 1 inch in
diameter.
</p>
<br>
<p>
<b>Habitat</b>: Thickets, woodlands, mountain slopes; plains, and
valleys.
</p>
<br>
<p>
<b>Uses</b>: Fruit is edible. Branches used for ceremonies. Roots
have been used to make dyes.
</p>","[{""file"": ""4082_chiilapisbaailichitche_buffalo_bulls_perfume_rileysinger.mp3""}]","[{""file"": ""Camas.jpg""}]",camas-map.jpg
Nicotiana multivalvus,tobacco [sacred],íhchihchia,baaapáammaaxpee,Other or Unsorted,white upon itself; holy plant,"<p>
<b>Description</b>: A large shrub, up to 15 feet in height. The
branches are thorny. The oval shaped leaves alternate
arranged, 2–4 inches long, dark green, smooth and pale on
the underside. The small flowers with five, white petals and
yelow tipped stamens occur singly or in clusters. Spherical
to oblong fruit is yellow to reddish-purple and 1 inch in
diameter.
</p>
<br>
<p>
<b>Habitat</b>: Thickets, woodlands, mountain slopes; plains, and
valleys.
</p>
<br>
<p>
<b>Uses</b>: Fruit is edible. Branches used for ceremonies. Roots
have been used to make dyes.
</p>","[{""file"": ""71037_bahkaaphachke--narrowleaf-cottonwood_Entry2_LYM_1750434475981.mp3""}]","[{""file"": ""prairie_coneflower.jpg""}]",prairie_coneflower-map.jpg
Carum gairdneria,wild turnip,ihé,,Other or Unsorted,turnip,"<p>
<b>Description</b>: A large shrub, up to 15 feet in height. The
branches are thorny. The oval shaped leaves alternate
arranged, 2–4 inches long, dark green, smooth and pale on
the underside. The small flowers with five, white petals and
yelow tipped stamens occur singly or in clusters. Spherical
to oblong fruit is yellow to reddish-purple and 1 inch in
diameter.
</p>
<br>
<p>
<b>Habitat</b>: Thickets, woodlands, mountain slopes; plains, and
valleys.
</p>
<br>
<p>
<b>Uses</b>: Fruit is edible. Branches used for ceremonies. Roots
have been used to make dyes.
</p>","[{""file"": ""3359_bichkape_tomato_grantbulltail1.mp3""}]","[{""file"": ""Raspberry.jpg""}]",raspberry-map.jpg
Psoralea argophylla,wild turnip,ihé,,Other or Unsorted,turnip,"<p>
<b>Description</b>: A large shrub, up to 15 feet in height. The
branches are thorny. The oval shaped leaves alternate
arranged, 2–4 inches long, dark green, smooth and pale on
the underside. The small flowers with five, white petals and
yelow tipped stamens occur singly or in clusters. Spherical
to oblong fruit is yellow to reddish-purple and 1 inch in
diameter.
</p>
<br>
<p>
<b>Habitat</b>: Thickets, woodlands, mountain slopes; plains, and
valleys.
</p>
<br>
<p>
<b>Uses</b>: Fruit is edible. Branches used for ceremonies. Roots
have been used to make dyes.
</p>","[{""file"": ""29955_bichkapiia--rosebush_Entry1_LYM_1754598983732.mp3""}]","[{""file"": ""Thimbleberry.jpg""}]","thimbleberry-map.jpg"
Lupinus sp.,lupine,ihe ichichee,ihe chichee,Other or Unsorted,looks like turnip,"<p>
<b>Description</b>: A large shrub, up to 15 feet in height. The
branches are thorny. The oval shaped leaves alternate
arranged, 2–4 inches long, dark green, smooth and pale on
the underside. The small flowers with five, white petals and
yelow tipped stamens occur singly or in clusters. Spherical
to oblong fruit is yellow to reddish-purple and 1 inch in
diameter.
</p>
<br>
<p>
<b>Habitat</b>: Thickets, woodlands, mountain slopes; plains, and
valleys.
</p>
<br>
<p>
<b>Uses</b>: Fruit is edible. Branches used for ceremonies. Roots
have been used to make dyes.
</p>","[{""file"": ""61941_bichkape-bakute--rosebush_AudioFemaleCitation_RH_1627685348263.mp3""}]","[{""file"": ""Curlycup_Gumweed.jpg""}]",curlycup_gumweed-map.jpg
Alnus tenuifolia,paper leaf alder,íiahisshkaate,,Other or Unsorted,red mouth bush,"<p>
<b>Description</b>: A large shrub, up to 15 feet in height. The
branches are thorny. The oval shaped leaves alternate
arranged, 2–4 inches long, dark green, smooth and pale on
the underside. The small flowers with five, white petals and
yelow tipped stamens occur singly or in clusters. Spherical
to oblong fruit is yellow to reddish-purple and 1 inch in
diameter.
</p>
<br>
<p>
<b>Habitat</b>: Thickets, woodlands, mountain slopes; plains, and
valleys.
</p>
<br>
<p>
<b>Uses</b>: Fruit is edible. Branches used for ceremonies. Roots
have been used to make dyes.
</p>","[{""file"": ""28734_bimmuummaaapaalikshe--arrowhead_Entry1_LYM_1754598397396.mp3""}]","[{""file"": ""bitterroot.jpg""}]",biscuitroot-map.jpg
Clematis columbiana,virgins bower,iichíile úuwuussiio,,Other or Unsorted,put in horse’s mouth,"<p>
<b>Description</b>: A large shrub, up to 15 feet in height. The
branches are thorny. The oval shaped leaves alternate
arranged, 2–4 inches long, dark green, smooth and pale on
the underside. The small flowers with five, white petals and
yelow tipped stamens occur singly or in clusters. Spherical
to oblong fruit is yellow to reddish-purple and 1 inch in
diameter.
</p>
<br>
<p>
<b>Habitat</b>: Thickets, woodlands, mountain slopes; plains, and
valleys.
</p>
<br>
<p>
<b>Uses</b>: Fruit is edible. Branches used for ceremonies. Roots
have been used to make dyes.
</p>","[{""file"": ""45556_baaiilua--northern-bedstraw_AudioMaleCitation_RPF2_1627673716769.mp3""}]","[{""file"": ""Skunkbush.jpg""}]",skunkbush_sumac-map.jpg
Amelanchier alnifolia,juneberry/sarvisberry (short),iipúmme,,Other or Unsorted,it is short,"<p>
<b>Description</b>: A large shrub, up to 15 feet in height. The
branches are thorny. The oval shaped leaves alternate
arranged, 2–4 inches long, dark green, smooth and pale on
the underside. The small flowers with five, white petals and
yelow tipped stamens occur singly or in clusters. Spherical
to oblong fruit is yellow to reddish-purple and 1 inch in
diameter.
</p>
<br>
<p>
<b>Habitat</b>: Thickets, woodlands, mountain slopes; plains, and
valleys.
</p>
<br>
<p>
<b>Uses</b>: Fruit is edible. Branches used for ceremonies. Roots
have been used to make dyes.
</p>","[{""file"": ""96462_iiwaaiilua--northern-bedstraw_AudioFemaleCitation_RH_1627935589270.mp3""}]","[{""file"": ""Buckwheat.jpg""}]",suphur_buckwheat-map.jpg
Lomatium macrocarpum,biscuitroot (mountain),iisée,,Other or Unsorted,big root “bear root”,"<p>
<b>Description</b>: A large shrub, up to 15 feet in height. The
branches are thorny. The oval shaped leaves alternate
arranged, 2–4 inches long, dark green, smooth and pale on
the underside. The small flowers with five, white petals and
yelow tipped stamens occur singly or in clusters. Spherical
to oblong fruit is yellow to reddish-purple and 1 inch in
diameter.
</p>
<br>
<p>
<b>Habitat</b>: Thickets, woodlands, mountain slopes; plains, and
valleys.
</p>
<br>
<p>
<b>Uses</b>: Fruit is edible. Branches used for ceremonies. Roots
have been used to make dyes.
</p>","[{""file"": ""29583_bale-istehpe--oyster-mushroom_Entry1_LYM_1750437710349.mp3""}]","[{""file"": ""Mushroom.jpg""}]",wheatgrass-map.jpg
Lycoperdaceace sp.,puffballs,iiwaaishtáleete,,Other or Unsorted,used to make one blind,"<p>
<b>Description</b>: A large shrub, up to 15 feet in height. The
branches are thorny. The oval shaped leaves alternate
arranged, 2–4 inches long, dark green, smooth and pale on
the underside. The small flowers with five, white petals and
yelow tipped stamens occur singly or in clusters. Spherical
to oblong fruit is yellow to reddish-purple and 1 inch in
diameter.
</p>
<br>
<p>
<b>Habitat</b>: Thickets, woodlands, mountain slopes; plains, and
valleys.
</p>
<br>
<p>
<b>Uses</b>: Fruit is edible. Branches used for ceremonies. Roots
have been used to make dyes.
</p>","[{""file"": ""61980_bichkiliimmaachuua--pincushion-cactus_AudioFemaleCitation_RH_1627685524465.mp3""}]","[{""file"": ""Indian_Lettuce.jpg""}]","indian_lettuce-map.jpg"
Fragaria vesca,strawberry,ishkóoshiite,,Other or Unsorted,long runners,"<p>
<b>Description</b>: A large shrub, up to 15 feet in height. The
branches are thorny. The oval shaped leaves alternate
arranged, 2–4 inches long, dark green, smooth and pale on
the underside. The small flowers with five, white petals and
yelow tipped stamens occur singly or in clusters. Spherical
to oblong fruit is yellow to reddish-purple and 1 inch in
diameter.
</p>
<br>
<p>
<b>Habitat</b>: Thickets, woodlands, mountain slopes; plains, and
valleys.
</p>
<br>
<p>
<b>Uses</b>: Fruit is edible. Branches used for ceremonies. Roots
have been used to make dyes.
</p>","[{""file"": ""1959_baachiia_Pine_RileySinger.mp3""}]","[{""file"": ""Oyster_Mushroom.jpg""}]",chokecherry-map.jpg
Cannabis sativa,marijuana,óopaache,,Other or Unsorted,like tobacco,"<p>
<b>Description</b>: A large shrub, up to 15 feet in height. The
branches are thorny. The oval shaped leaves alternate
arranged, 2–4 inches long, dark green, smooth and pale on
the underside. The small flowers with five, white petals and
yelow tipped stamens occur singly or in clusters. Spherical
to oblong fruit is yellow to reddish-purple and 1 inch in
diameter.
</p>
<br>
<p>
<b>Habitat</b>: Thickets, woodlands, mountain slopes; plains, and
valleys.
</p>
<br>
<p>
<b>Uses</b>: Fruit is edible. Branches used for ceremonies. Roots
have been used to make dyes.
</p>","[{""file"": ""2983_balapuuxe_aspen_quaking_rileysinger.mp3""}]","[{""file"": ""Curlycup_Gumweed.jpg""}]",curlycup_gumweed-map.jpg
Nicotiana quadrivalvis/rustica,tobacco,óope,,Other or Unsorted,tobacco,"<p>
<b>Description</b>: A large shrub, up to 15 feet in height. The
branches are thorny. The oval shaped leaves alternate
arranged, 2–4 inches long, dark green, smooth and pale on
the underside. The small flowers with five, white petals and
yelow tipped stamens occur singly or in clusters. Spherical
to oblong fruit is yellow to reddish-purple and 1 inch in
diameter.
</p>
<br>
<p>
<b>Habitat</b>: Thickets, woodlands, mountain slopes; plains, and
valleys.
</p>
<br>
<p>
<b>Uses</b>: Fruit is edible. Branches used for ceremonies. Roots
have been used to make dyes.
</p>","[{""file"": ""3200_basaapuuate_birch_red_GrantBullTail1.mp3""}]","[{""file"": ""sagebrush.jpg""}]",sagebrush_buttercup-map.jpg
Buchloe dactyloides,buffalo grass,púppua,,Other or Unsorted,,"<p>
<b>Description</b>: A large shrub, up to 15 feet in height. The
branches are thorny. The oval shaped leaves alternate
arranged, 2–4 inches long, dark green, smooth and pale on
the underside. The small flowers with five, white petals and
yelow tipped stamens occur singly or in clusters. Spherical
to oblong fruit is yellow to reddish-purple and 1 inch in
diameter.
</p>
<br>
<p>
<b>Habitat</b>: Thickets, woodlands, mountain slopes; plains, and
valleys.
</p>
<br>
<p>
<b>Uses</b>: Fruit is edible. Branches used for ceremonies. Roots
have been used to make dyes.
</p>","[{""file"": ""2774_baaxuhke_raspberry_rileysinger1.mp3""}]","[{""file"": ""Burdock.jpg""}]","burdock-map.jpg"
Lomatium dissectum,biscuitroot (carrotleaf),xapaalítshia,,Other or Unsorted,stinking medicine,"<p>
<b>Description</b>: A large shrub, up to 15 feet in height. The
branches are thorny. The oval shaped leaves alternate
arranged, 2–4 inches long, dark green, smooth and pale on
the underside. The small flowers with five, white petals and
yelow tipped stamens occur singly or in clusters. Spherical
to oblong fruit is yellow to reddish-purple and 1 inch in
diameter.
</p>
<br>
<p>
<b>Habitat</b>: Thickets, woodlands, mountain slopes; plains, and
valleys.
</p>
<br>
<p>
<b>Uses</b>: Fruit is edible. Branches used for ceremonies. Roots
have been used to make dyes.
</p>","[{""file"": ""6599_iiwalaasuukuluxachkisee_gladiola_wild_rileysinger1.mp4""}]","[{""file"": ""Mushroom.jpg""}]","nodding_onion-map.jpg"
Crataegus succulenta,hawthorn,akbilichishíia,,Shrubs & Bushes,that which gores,"<p>
<b>Description</b>: A large shrub, up to 15 feet in height. The
branches are thorny. The oval shaped leaves alternate
arranged, 2–4 inches long, dark green, smooth and pale on
the underside. The small flowers with five, white petals and
yelow tipped stamens occur singly or in clusters. Spherical
to oblong fruit is yellow to reddish-purple and 1 inch in
diameter.
</p>
<br>
<p>
<b>Habitat</b>: Thickets, woodlands, mountain slopes; plains, and
valleys.
</p>
<br>
<p>
<b>Uses</b>: Fruit is edible. Branches used for ceremonies. Roots
have been used to make dyes.
</p>","[{""file"": ""3863_bitxua_onion_rileysinger1.mp3""}]","[{""file"": ""Red-osier_Dogwood.jpg""}]","red-osier_dogwood_map.jpg"
Berberis repens,oregon grape,awáatuuwishbaachuua,,Shrubs & Bushes,sits on the ground berry,"<p>
<b>Description</b>: A large shrub, up to 15 feet in height. The
branches are thorny. The oval shaped leaves alternate
arranged, 2–4 inches long, dark green, smooth and pale on
the underside. The small flowers with five, white petals and
yelow tipped stamens occur singly or in clusters. Spherical
to oblong fruit is yellow to reddish-purple and 1 inch in
diameter.
</p>
<br>
<p>
<b>Habitat</b>: Thickets, woodlands, mountain slopes; plains, and
valleys.
</p>
<br>
<p>
<b>Uses</b>: Fruit is edible. Branches used for ceremonies. Roots
have been used to make dyes.
</p>","[{""file"": ""3175_balitche_elm_rileysinger1.mp3""}]","[{""file"": ""Star_Lily.jpg""}]",starlily-map.jpg
Prunus virginia,chokecherry,baáchuutaahile,,Shrubs & Bushes,real berry; chokecherry tree,"<p>
<b>Description</b>: A large shrub, up to 15 feet in height. The
branches are thorny. The oval shaped leaves alternate
arranged, 2–4 inches long, dark green, smooth and pale on
the underside. The small flowers with five, white petals and
yelow tipped stamens occur singly or in clusters. Spherical
to oblong fruit is yellow to reddish-purple and 1 inch in
diameter.
</p>
<br>
<p>
<b>Habitat</b>: Thickets, woodlands, mountain slopes; plains, and
valleys.
</p>
<br>
<p>
<b>Uses</b>: Fruit is edible. Branches used for ceremonies. Roots
have been used to make dyes.
</p>","[{""file"": ""2192_baailichitche_spruce_rileysinger1.mp4""}]","[{""file"": ""White_Sage.jpg""}]",white_sage-map.jpg
Prunus virginia,chokecherry,baáchuutaale,,Shrubs & Bushes,,"<p>
<b>Description</b>: A large shrub, up to 15 feet in height. The
branches are thorny. The oval shaped leaves alternate
arranged, 2–4 inches long, dark green, smooth and pale on
the underside. The small flowers with five, white petals and
yelow tipped stamens occur singly or in clusters. Spherical
to oblong fruit is yellow to reddish-purple and 1 inch in
diameter.
</p>
<br>
<p>
<b>Habitat</b>: Thickets, woodlands, mountain slopes; plains, and
valleys.
</p>
<br>
<p>
<b>Uses</b>: Fruit is edible. Branches used for ceremonies. Roots
have been used to make dyes.
</p>","[{""file"": ""3812_bishpe_boxelder_rileysinger1.mp3""}]","[{""file"": ""Big_Sagebrush.jpg""}]","big_sagebrush-map.jpg	"
Shepherdia Canadensis,buffalo/bull berry,baalashiísshe,,Shrubs & Bushes,red faced one,"<p>
<b>Description</b>: A large shrub, up to 15 feet in height. The
branches are thorny. The oval shaped leaves alternate
arranged, 2–4 inches long, dark green, smooth and pale on
the underside. The small flowers with five, white petals and
yelow tipped stamens occur singly or in clusters. Spherical
to oblong fruit is yellow to reddish-purple and 1 inch in
diameter.
</p>
<br>
<p>
<b>Habitat</b>: Thickets, woodlands, mountain slopes; plains, and
valleys.
</p>
<br>
<p>
<b>Uses</b>: Fruit is edible. Branches used for ceremonies. Roots
have been used to make dyes.
</p>","[{""file"": ""67060_bitxuaisaate--camas_AudioMaleCitation_HH_1627751541203.mp3""}]","[{""file"": ""Kinnikinnick.jpg""}]","kiinnikinnick-map.jpg"
Rubus idaeus,raspberry,baáxuhke,,Shrubs & Bushes,one with small rounded bumps,"<p>
<b>Description</b>: A large shrub, up to 15 feet in height. The
branches are thorny. The oval shaped leaves alternate
arranged, 2–4 inches long, dark green, smooth and pale on
the underside. The small flowers with five, white petals and
yelow tipped stamens occur singly or in clusters. Spherical
to oblong fruit is yellow to reddish-purple and 1 inch in
diameter.
</p>
<br>
<p>
<b>Habitat</b>: Thickets, woodlands, mountain slopes; plains, and
valleys.
</p>
<br>
<p>
<b>Uses</b>: Fruit is edible. Branches used for ceremonies. Roots
have been used to make dyes.
</p>","[{""file"": ""28968_baachuutaale--chokecherry_Entry1_VCA_1750440896189.mp3""}]","[{""file"": ""Wild Parsley.jpg""}]",parsley.jpg
Sambucus melanocarpa,elderberry,balawuuleetbaáchuua,balawúuleete,Shrubs & Bushes,hollow wood berry; hollow wood,"<p>
<b>Description</b>: A large shrub, up to 15 feet in height. The
branches are thorny. The oval shaped leaves alternate
arranged, 2–4 inches long, dark green, smooth and pale on
the underside. The small flowers with five, white petals and
yelow tipped stamens occur singly or in clusters. Spherical
to oblong fruit is yellow to reddish-purple and 1 inch in
diameter.
</p>
<br>
<p>
<b>Habitat</b>: Thickets, woodlands, mountain slopes; plains, and
valleys.
</p>
<br>
<p>
<b>Uses</b>: Fruit is edible. Branches used for ceremonies. Roots
have been used to make dyes.
</p>","[{""file"": ""1582_awakoochiluua_cedar_ground_RileySinger.mp3""}]","[{""file"": ""sego_lily.jpg""}]",sego_lily-map.jpg
Rhus aromatica,skunkbush,bichéechihtahisshe,,Shrubs & Bushes,red berry,"<p>
<b>Description</b>: A large shrub, up to 15 feet in height. The
branches are thorny. The oval shaped leaves alternate
arranged, 2–4 inches long, dark green, smooth and pale on
the underside. The small flowers with five, white petals and
yelow tipped stamens occur singly or in clusters. Spherical
to oblong fruit is yellow to reddish-purple and 1 inch in
diameter.
</p>
<br>
<p>
<b>Habitat</b>: Thickets, woodlands, mountain slopes; plains, and
valleys.
</p>
<br>
<p>
<b>Uses</b>: Fruit is edible. Branches used for ceremonies. Roots
have been used to make dyes.
</p>","[{""file"": ""2644_baauhpashiile_sunflower_rileysinger1.mp3""}]","[{""file"": ""Blue Spruce.jpg""}]",limber_pine-map.jpg
Ribes cereum,squaw currant,bichéechihtahisshe,,Shrubs & Bushes,red gooseberry,"<p>
<b>Description</b>: A large shrub, up to 15 feet in height. The
branches are thorny. The oval shaped leaves alternate
arranged, 2–4 inches long, dark green, smooth and pale on
the underside. The small flowers with five, white petals and
yelow tipped stamens occur singly or in clusters. Spherical
to oblong fruit is yellow to reddish-purple and 1 inch in
diameter.
</p>
<br>
<p>
<b>Habitat</b>: Thickets, woodlands, mountain slopes; plains, and
valleys.
</p>
<br>
<p>
<b>Uses</b>: Fruit is edible. Branches used for ceremonies. Roots
have been used to make dyes.
</p>","[{""file"": ""3819_bishuxxatbale_willow_diamond_rileysinger1.mp3""}]","[{""file"": ""Western White Pine.jpg""}]",western_white_pine-map.jpg
Ribes aureum,golden currant,bichéechihtashiile,"íipchuupe, húupatatche",Shrubs & Bushes,yellow currant; pipestem; straight handle,"<p>
<b>Description</b>: A large shrub, up to 15 feet in height. The
branches are thorny. The oval shaped leaves alternate
arranged, 2–4 inches long, dark green, smooth and pale on
the underside. The small flowers with five, white petals and
yelow tipped stamens occur singly or in clusters. Spherical
to oblong fruit is yellow to reddish-purple and 1 inch in
diameter.
</p>
<br>
<p>
<b>Habitat</b>: Thickets, woodlands, mountain slopes; plains, and
valleys.
</p>
<br>
<p>
<b>Uses</b>: Fruit is edible. Branches used for ceremonies. Roots
have been used to make dyes.
</p>","[{""file"": ""4630_dakaakisbale_willow_diamond_CGL.mp3""}]","[{""file"": ""Canada_Thistle.jpg""}]",canada_thistle-map.jpg
Ribes viscosissimum,sticky currant,bichéechihtashipite,,Shrubs & Bushes,black gooseberry,"<p>
<b>Description</b>: A large shrub, up to 15 feet in height. The
branches are thorny. The oval shaped leaves alternate
arranged, 2–4 inches long, dark green, smooth and pale on
the underside. The small flowers with five, white petals and
yelow tipped stamens occur singly or in clusters. Spherical
to oblong fruit is yellow to reddish-purple and 1 inch in
diameter.
</p>
<br>
<p>
<b>Habitat</b>: Thickets, woodlands, mountain slopes; plains, and
valleys.
</p>
<br>
<p>
<b>Uses</b>: Fruit is edible. Branches used for ceremonies. Roots
have been used to make dyes.
</p>","[{""file"": ""7976_peelatchisbale_willow_diamond_rileysinger2.mp3""}]","[{""file"": ""plantain.jpg""}]","
plantain-map.jpg"
Cornus stolonifera,red dogwood,biliichhísshe,óoptawihche,Shrubs & Bushes,red willow; inner bark of red dogwood,"<p>
<b>Description</b>: A large shrub, up to 15 feet in height. The
branches are thorny. The oval shaped leaves alternate
arranged, 2–4 inches long, dark green, smooth and pale on
the underside. The small flowers with five, white petals and
yelow tipped stamens occur singly or in clusters. Spherical
to oblong fruit is yellow to reddish-purple and 1 inch in
diameter.
</p>
<br>
<p>
<b>Habitat</b>: Thickets, woodlands, mountain slopes; plains, and
valleys.
</p>
<br>
<p>
<b>Uses</b>: Fruit is edible. Branches used for ceremonies. Roots
have been used to make dyes.
</p>","[{""file"": ""2561_baashesshehpiia_greasewood_rileysinger1.mp3""}]","[{""file"": ""sacred_tobacco.jpg""}]",sacred_tobacco-map.jpg
Symphoricarpos albus,snowberry,bishkaxchíia,"bitchísche, úuxisbaailichitche, iiwaachilakaxúua",Shrubs & Bushes,dog bush; dog's paw; deer's perfume; broom,"<p>
<b>Description</b>: A large shrub, up to 15 feet in height. The
branches are thorny. The oval shaped leaves alternate
arranged, 2–4 inches long, dark green, smooth and pale on
the underside. The small flowers with five, white petals and
yelow tipped stamens occur singly or in clusters. Spherical
to oblong fruit is yellow to reddish-purple and 1 inch in
diameter.
</p>
<br>
<p>
<b>Habitat</b>: Thickets, woodlands, mountain slopes; plains, and
valleys.
</p>
<br>
<p>
<b>Uses</b>: Fruit is edible. Branches used for ceremonies. Roots
have been used to make dyes.
</p>","[{""file"": ""3188_bappuushe_horsemint_RPF.mp3""}]","[{""file"": ""Limber Pine.jpg""}]",limber_pine-map.jpg
Vaccinium globulare,huckleberry,kapíliashte,,Shrubs & Bushes,looks like a hairline (as it grows),"<p>
<b>Description</b>: A large shrub, up to 15 feet in height. The
branches are thorny. The oval shaped leaves alternate
arranged, 2–4 inches long, dark green, smooth and pale on
the underside. The small flowers with five, white petals and
yelow tipped stamens occur singly or in clusters. Spherical
to oblong fruit is yellow to reddish-purple and 1 inch in
diameter.
</p>
<br>
<p>
<b>Habitat</b>: Thickets, woodlands, mountain slopes; plains, and
valleys.
</p>
<br>
<p>
<b>Uses</b>: Fruit is edible. Branches used for ceremonies. Roots
have been used to make dyes.
</p>","[{""file"": ""3364_bichkiliia_cactus_prickly_pear_hubert_two_leggins.mp3""}]","[{""file"": ""Narrow-leaf_Coneflower.jpg""}]","coneflower-map.jpg"
Opuntia polycantha,prickly pear,bichkiliiá,,Succulents & Cacti,cactus,"<p>
<b>Description</b>: A large shrub, up to 15 feet in height. The
branches are thorny. The oval shaped leaves alternate
arranged, 2–4 inches long, dark green, smooth and pale on
the underside. The small flowers with five, white petals and
yelow tipped stamens occur singly or in clusters. Spherical
to oblong fruit is yellow to reddish-purple and 1 inch in
diameter.
</p>
<br>
<p>
<b>Habitat</b>: Thickets, woodlands, mountain slopes; plains, and
valleys.
</p>
<br>
<p>
<b>Uses</b>: Fruit is edible. Branches used for ceremonies. Roots
have been used to make dyes.
</p>","[{""file"": ""6499_iiwaaapiiaxxuua_sneezeweed_rileysinger1.mp3""}]","[{""file"": ""horsemint.jpg""}]","horsemint-map.jpg"
Escobaria vivipara,pincushion cactus,bichkiliimaáchuua,,Succulents & Cacti,cactus berry,"<p>
<b>Description</b>: A large shrub, up to 15 feet in height. The
branches are thorny. The oval shaped leaves alternate
arranged, 2–4 inches long, dark green, smooth and pale on
the underside. The small flowers with five, white petals and
yelow tipped stamens occur singly or in clusters. Spherical
to oblong fruit is yellow to reddish-purple and 1 inch in
diameter.
</p>
<br>
<p>
<b>Habitat</b>: Thickets, woodlands, mountain slopes; plains, and
valleys.
</p>
<br>
<p>
<b>Uses</b>: Fruit is edible. Branches used for ceremonies. Roots
have been used to make dyes.
</p>","[{""file"": ""4620_dakaakapkisshe_shooting_star_CGL.mp3""}]","[{""file"": ""Carrotleaf_Biscuitroot.jpg""}]",fernleafbiscuitroot-map.jpg
Yucca glauca,yucca,úuxisbatshuakisshe,,Succulents & Cacti,imitation deer awl,"<p>
<b>Description</b>: A large shrub, up to 15 feet in height. The
branches are thorny. The oval shaped leaves alternate
arranged, 2–4 inches long, dark green, smooth and pale on
the underside. The small flowers with five, white petals and
yelow tipped stamens occur singly or in clusters. Spherical
to oblong fruit is yellow to reddish-purple and 1 inch in
diameter.
</p>
<br>
<p>
<b>Habitat</b>: Thickets, woodlands, mountain slopes; plains, and
valleys.
</p>
<br>
<p>
<b>Uses</b>: Fruit is edible. Branches used for ceremonies. Roots
have been used to make dyes.
</p>","[{""file"": ""02197_baailichitchixaape-_flat-cedar-western-red-ce_MaleCitation_RC_2.mp3""}]","[{""file"": ""Elderberry.jpg""}]",elderberry-map.jpg
Juniperus horizontalis,"juniper, creeping",awákochilua,,Trees,rising from the ground,"<p>
<b>Description</b>: A large shrub, up to 15 feet in height. The
branches are thorny. The oval shaped leaves alternate
arranged, 2–4 inches long, dark green, smooth and pale on
the underside. The small flowers with five, white petals and
yelow tipped stamens occur singly or in clusters. Spherical
to oblong fruit is yellow to reddish-purple and 1 inch in
diameter.
</p>
<br>
<p>
<b>Habitat</b>: Thickets, woodlands, mountain slopes; plains, and
valleys.
</p>
<br>
<p>
<b>Uses</b>: Fruit is edible. Branches used for ceremonies. Roots
have been used to make dyes.
</p>","[{""file"": ""76526_datchuawaaluushe--calamus_AudioFemaleCitation_RH_1627841348520.mp3""}]","[{""file"": ""Pincushion_Cactus.jpg""}]","pincusion-map.jpg"
Pinus flexilis,limber pine,báachiia,,Trees,,"<p>
<b>Description</b>: A large shrub, up to 15 feet in height. The
branches are thorny. The oval shaped leaves alternate
arranged, 2–4 inches long, dark green, smooth and pale on
the underside. The small flowers with five, white petals and
yelow tipped stamens occur singly or in clusters. Spherical
to oblong fruit is yellow to reddish-purple and 1 inch in
diameter.
</p>
<br>
<p>
<b>Habitat</b>: Thickets, woodlands, mountain slopes; plains, and
valleys.
</p>
<br>
<p>
<b>Uses</b>: Fruit is edible. Branches used for ceremonies. Roots
have been used to make dyes.
</p>","[{""file"": ""6383_b_iisee_bearroot_CGL.mp3""}]","[{""file"": ""Bedstraw.jpg""}]",bedstraw-map.jpg
Pinus ponderosa,ponderosa pine,báachiia,,Trees,pine,"<p>
<b>Description</b>: A large shrub, up to 15 feet in height. The
branches are thorny. The oval shaped leaves alternate
arranged, 2–4 inches long, dark green, smooth and pale on
the underside. The small flowers with five, white petals and
yelow tipped stamens occur singly or in clusters. Spherical
to oblong fruit is yellow to reddish-purple and 1 inch in
diameter.
</p>
<br>
<p>
<b>Habitat</b>: Thickets, woodlands, mountain slopes; plains, and
valleys.
</p>
<br>
<p>
<b>Uses</b>: Fruit is edible. Branches used for ceremonies. Roots
have been used to make dyes.
</p>","[{""file"": ""70894_baaisaasishipite--biscuitroot_AudioMaleCitation_LYM_1628272342255.mp3""}]","[{""file"": ""Chamomile.jpg""}]",chamomile-map.jpg
Strobilus,pine cone,báachiia uhpé,,Trees,pine tip,"<p>
<b>Description</b>: A large shrub, up to 15 feet in height. The
branches are thorny. The oval shaped leaves alternate
arranged, 2–4 inches long, dark green, smooth and pale on
the underside. The small flowers with five, white petals and
yelow tipped stamens occur singly or in clusters. Spherical
to oblong fruit is yellow to reddish-purple and 1 inch in
diameter.
</p>
<br>
<p>
<b>Habitat</b>: Thickets, woodlands, mountain slopes; plains, and
valleys.
</p>
<br>
<p>
<b>Uses</b>: Fruit is edible. Branches used for ceremonies. Roots
have been used to make dyes.
</p>","[{""file"": ""2222_baaisaaxaawe_bitterroot_RPF.mp3""}]","[{""file"": ""peyote.jpg""}]",fernleafbiscuitroot-map.jpg
Pinus contorta,lodgepole pine,báachiia; ashíiliaa,ashíiliaa,Trees,one that is white; lodge pole,"<p>
<b>Description</b>: A large shrub, up to 15 feet in height. The
branches are thorny. The oval shaped leaves alternate
arranged, 2–4 inches long, dark green, smooth and pale on
the underside. The small flowers with five, white petals and
yelow tipped stamens occur singly or in clusters. Spherical
to oblong fruit is yellow to reddish-purple and 1 inch in
diameter.
</p>
<br>
<p>
<b>Habitat</b>: Thickets, woodlands, mountain slopes; plains, and
valleys.
</p>
<br>
<p>
<b>Uses</b>: Fruit is edible. Branches used for ceremonies. Roots
have been used to make dyes.
</p>","[{""file"": ""16272_baachuua-peele--black-knot_Entry1_VCA_1750440708239.mp3""}]","[{""file"": ""Bedstraw.jpg""}]",bedstraw-map.jpg
Abies lasiocarpa,subalpine fir,baailíchitche,,Trees,fragrant one,"<p>
<b>Description</b>: A large shrub, up to 15 feet in height. The
branches are thorny. The oval shaped leaves alternate
arranged, 2–4 inches long, dark green, smooth and pale on
the underside. The small flowers with five, white petals and
yelow tipped stamens occur singly or in clusters. Spherical
to oblong fruit is yellow to reddish-purple and 1 inch in
diameter.
</p>
<br>
<p>
<b>Habitat</b>: Thickets, woodlands, mountain slopes; plains, and
valleys.
</p>
<br>
<p>
<b>Uses</b>: Fruit is edible. Branches used for ceremonies. Roots
have been used to make dyes.
</p>","[{""file"": ""3770_bisheewaaluushissee_snakeweed_rileysinger2.mp3""}]","[{""file"": ""Bluegrass.jpg""}]",bluegrass-map.jpg
Populus angustifolia,"cottonwood, narrowleaf",báhkaapatchke,,Trees,long leaved pod,"<p>
<b>Description</b>: A large shrub, up to 15 feet in height. The
branches are thorny. The oval shaped leaves alternate
arranged, 2–4 inches long, dark green, smooth and pale on
the underside. The small flowers with five, white petals and
yelow tipped stamens occur singly or in clusters. Spherical
to oblong fruit is yellow to reddish-purple and 1 inch in
diameter.
</p>
<br>
<p>
<b>Habitat</b>: Thickets, woodlands, mountain slopes; plains, and
valleys.
</p>
<br>
<p>
<b>Uses</b>: Fruit is edible. Branches used for ceremonies. Roots
have been used to make dyes.
</p>","[{""file"": ""29823_bachaaiish-apaale--plantain_Entry1_LYM_1749837357208.mp3""}]","[{""file"": ""balsamroot.jpg""}]",arrowleaf_balsamroot-map.jpg
Populus deltoides,"cottonwood, plains",báhkashua,,Trees,green seed pods,"<p>
<b>Description</b>: A large shrub, up to 15 feet in height. The
branches are thorny. The oval shaped leaves alternate
arranged, 2–4 inches long, dark green, smooth and pale on
the underside. The small flowers with five, white petals and
yelow tipped stamens occur singly or in clusters. Spherical
to oblong fruit is yellow to reddish-purple and 1 inch in
diameter.
</p>
<br>
<p>
<b>Habitat</b>: Thickets, woodlands, mountain slopes; plains, and
valleys.
</p>
<br>
<p>
<b>Uses</b>: Fruit is edible. Branches used for ceremonies. Roots
have been used to make dyes.
</p>","[{""file"": ""29823_bachaaiish-apaale--plantain_Entry1_LYM_1749837357208.mp3""}]","[{""file"": ""Creeping Oregon Grape.jpg""}]",oregon_grape-map.jpg
Acer saccharinum,silver maple,balachiítche,balachiaítche,Trees,good white wood,"<p>
<b>Description</b>: A large shrub, up to 15 feet in height. The
branches are thorny. The oval shaped leaves alternate
arranged, 2–4 inches long, dark green, smooth and pale on
the underside. The small flowers with five, white petals and
yelow tipped stamens occur singly or in clusters. Spherical
to oblong fruit is yellow to reddish-purple and 1 inch in
diameter.
</p>
<br>
<p>
<b>Habitat</b>: Thickets, woodlands, mountain slopes; plains, and
valleys.
</p>
<br>
<p>
<b>Uses</b>: Fruit is edible. Branches used for ceremonies. Roots
have been used to make dyes.
</p>","[{""file"": ""4033_chihpacguusjusshe_yarrow_CGL.mp3""}]","[{""file"": ""Ground_Cherry.jpg""}]","locoweed-map.jpg"
Populus tremuloides,aspen,balapuuxé,,Trees,speckled wood,"<p>
<b>Description</b>: A large shrub, up to 15 feet in height. The
branches are thorny. The oval shaped leaves alternate
arranged, 2–4 inches long, dark green, smooth and pale on
the underside. The small flowers with five, white petals and
yelow tipped stamens occur singly or in clusters. Spherical
to oblong fruit is yellow to reddish-purple and 1 inch in
diameter.
</p>
<br>
<p>
<b>Habitat</b>: Thickets, woodlands, mountain slopes; plains, and
valleys.
</p>
<br>
<p>
<b>Uses</b>: Fruit is edible. Branches used for ceremonies. Roots
have been used to make dyes.
</p>","[{""file"": ""53838_baaxalaxxate--rhubarb_AudioMaleCitation_RPF2_1627675203021.mp3""}]","[{""file"": ""yarrow.jpg""}]",yarrow-map.jpg
Ulmus americana,american elm,balítche,,Trees,good wood,"<p>
<b>Description</b>: A large shrub, up to 15 feet in height. The
branches are thorny. The oval shaped leaves alternate
arranged, 2–4 inches long, dark green, smooth and pale on
the underside. The small flowers with five, white petals and
yelow tipped stamens occur singly or in clusters. Spherical
to oblong fruit is yellow to reddish-purple and 1 inch in
diameter.
</p>
<br>
<p>
<b>Habitat</b>: Thickets, woodlands, mountain slopes; plains, and
valleys.
</p>
<br>
<p>
<b>Uses</b>: Fruit is edible. Branches used for ceremonies. Roots
have been used to make dyes.
</p>","[{""file"": ""70671_akuuwatkaatawaachuua--nightshade_AudioMaleCitation_LYM_1628270362218.mp3""}]","[{""file"": ""Box-elder.jpg""}]","boxelder-map.jpg"
Betula occidentalis,red/water birch,basáapuuate,,Trees,twisted as a rope,"<p>
<b>Description</b>: A large shrub, up to 15 feet in height. The
branches are thorny. The oval shaped leaves alternate
arranged, 2–4 inches long, dark green, smooth and pale on
the underside. The small flowers with five, white petals and
yelow tipped stamens occur singly or in clusters. Spherical
to oblong fruit is yellow to reddish-purple and 1 inch in
diameter.
</p>
<br>
<p>
<b>Habitat</b>: Thickets, woodlands, mountain slopes; plains, and
valleys.
</p>
<br>
<p>
<b>Uses</b>: Fruit is edible. Branches used for ceremonies. Roots
have been used to make dyes.
</p>","[{""file"": ""42180_baaapaale-shiile--dandelion_AudioMaleCitation_RPF2_1627667737300.mp3""}]","[{""file"": ""Tobacco.jpg""}]",sacred_tobacco-map.jpg
Salix amygdaloides,willow,biliiché,,Trees,by the water,"<p>
<b>Description</b>: A large shrub, up to 15 feet in height. The
branches are thorny. The oval shaped leaves alternate
arranged, 2–4 inches long, dark green, smooth and pale on
the underside. The small flowers with five, white petals and
yelow tipped stamens occur singly or in clusters. Spherical
to oblong fruit is yellow to reddish-purple and 1 inch in
diameter.
</p>
<br>
<p>
<b>Habitat</b>: Thickets, woodlands, mountain slopes; plains, and
valleys.
</p>
<br>
<p>
<b>Uses</b>: Fruit is edible. Branches used for ceremonies. Roots
have been used to make dyes.
</p>","[{""file"": ""01509_chihpaxxiiooshishbaapaachishe--Gordons-ivesia_Entry1_LYM_1754603484151.mp3""}]","[{""file"": ""Northern_Arrowhead.jpg""}]",arrowhead-map.jpg
Fraxinus pennsylvanica,ash,bilippíte,,Trees,absorbs water,"<p>
<b>Description</b>: A large shrub, up to 15 feet in height. The
branches are thorny. The oval shaped leaves alternate
arranged, 2–4 inches long, dark green, smooth and pale on
the underside. The small flowers with five, white petals and
yelow tipped stamens occur singly or in clusters. Spherical
to oblong fruit is yellow to reddish-purple and 1 inch in
diameter.
</p>
<br>
<p>
<b>Habitat</b>: Thickets, woodlands, mountain slopes; plains, and
valleys.
</p>
<br>
<p>
<b>Uses</b>: Fruit is edible. Branches used for ceremonies. Roots
have been used to make dyes.
</p>","[{""file"": ""09025_shishehpia_dark-thick-low-growing-sh_FemaleCitation_RH_1.mp3""}]","[{""file"": ""yarrow.jpg""}]",yarrow-map.jpg
Pinus sp.,pine,bishkaakaáshe,,Trees,pine resin (gum),"<p>
<b>Description</b>: A large shrub, up to 15 feet in height. The
branches are thorny. The oval shaped leaves alternate
arranged, 2–4 inches long, dark green, smooth and pale on
the underside. The small flowers with five, white petals and
yelow tipped stamens occur singly or in clusters. Spherical
to oblong fruit is yellow to reddish-purple and 1 inch in
diameter.
</p>
<br>
<p>
<b>Habitat</b>: Thickets, woodlands, mountain slopes; plains, and
valleys.
</p>
<br>
<p>
<b>Uses</b>: Fruit is edible. Branches used for ceremonies. Roots
have been used to make dyes.
</p>","[{""file"": ""24097_akbilihchishiia--hawthorn-bush_AudioMaleCitation_RPF2_1627666331426.mp3""}]","[{""file"": ""Bearroot.jpg""}]",biscuitroot-map.jpg
Pinus monticola,white pine,bishkaakaáshe,báachiialuxewishkee,Trees,pine resin gum,"<p>
<b>Description</b>: A large shrub, up to 15 feet in height. The
branches are thorny. The oval shaped leaves alternate
arranged, 2–4 inches long, dark green, smooth and pale on
the underside. The small flowers with five, white petals and
yelow tipped stamens occur singly or in clusters. Spherical
to oblong fruit is yellow to reddish-purple and 1 inch in
diameter.
</p>
<br>
<p>
<b>Habitat</b>: Thickets, woodlands, mountain slopes; plains, and
valleys.
</p>
<br>
<p>
<b>Uses</b>: Fruit is edible. Branches used for ceremonies. Roots
have been used to make dyes.
</p>","[{""file"": ""03771_awaxaammilishpitaape--horsemint_Entry1_VCA_1749240869274.mp3""}]","[{""file"": ""Sticky_Currant.jpg""}]","sticky_currant-map.jpg"
Acer negundo,box elder,bishpé,,Trees,bent over or infested with bugs,"<p>
<b>Description</b>: A large shrub, up to 15 feet in height. The
branches are thorny. The oval shaped leaves alternate
arranged, 2–4 inches long, dark green, smooth and pale on
the underside. The small flowers with five, white petals and
yelow tipped stamens occur singly or in clusters. Spherical
to oblong fruit is yellow to reddish-purple and 1 inch in
diameter.
</p>
<br>
<p>
<b>Habitat</b>: Thickets, woodlands, mountain slopes; plains, and
valleys.
</p>
<br>
<p>
<b>Uses</b>: Fruit is edible. Branches used for ceremonies. Roots
have been used to make dyes.
</p>","[{""file"": ""0420_ahpalaaxisiipchikisshe_joint_weed_CGL.mp3""}]","[{""file"": ""Black Knot.jpg""}]",chokecherry-map.jpg
Salix amygdaloides,diamond willow,bishúaxxatbale,,Trees,twisted rough wood; bird's wood; raven's wood,"<p>
<b>Description</b>: A large shrub, up to 15 feet in height. The
branches are thorny. The oval shaped leaves alternate
arranged, 2–4 inches long, dark green, smooth and pale on
the underside. The small flowers with five, white petals and
yelow tipped stamens occur singly or in clusters. Spherical
to oblong fruit is yellow to reddish-purple and 1 inch in
diameter.
</p>
<br>
<p>
<b>Habitat</b>: Thickets, woodlands, mountain slopes; plains, and
valleys.
</p>
<br>
<p>
<b>Uses</b>: Fruit is edible. Branches used for ceremonies. Roots
have been used to make dyes.
</p>","[{""file"": ""29181_ahpalaaxisiikooshkisshe--horsetail_Entry1_LYM_1749835199262.mp3""}]","[{""file"": ""Buffalo_Grass.jpg""}]","buffalograss-map.jpg"
Juniperus ashei,"juniper, ash
 “long horn cedar”",buluxpaawálee,Dúusbachee ishbuluxpée,Trees,money cedar; Kiowa cedar,"<p>
<b>Description</b>: A large shrub, up to 15 feet in height. The
branches are thorny. The oval shaped leaves alternate
arranged, 2–4 inches long, dark green, smooth and pale on
the underside. The small flowers with five, white petals and
yelow tipped stamens occur singly or in clusters. Spherical
to oblong fruit is yellow to reddish-purple and 1 inch in
diameter.
</p>
<br>
<p>
<b>Habitat</b>: Thickets, woodlands, mountain slopes; plains, and
valleys.
</p>
<br>
<p>
<b>Uses</b>: Fruit is edible. Branches used for ceremonies. Roots
have been used to make dyes.
</p>","[{""file"": ""7801_oope_tobacco_RCA.mp3""}]","[{""file"": ""monkey_flower.jpg""}]","monkeyflower-map.jpg"
Juniperus scopulorum,"juniper, rocky mountain",buluxpée,"baailíchitchixaape, buluxpaawaáchuua",Trees,holy wood; fragrant flat evergreen foliage; juniper berry,"<p>
<b>Description</b>: A large shrub, up to 15 feet in height. The
branches are thorny. The oval shaped leaves alternate
arranged, 2–4 inches long, dark green, smooth and pale on
the underside. The small flowers with five, white petals and
yelow tipped stamens occur singly or in clusters. Spherical
to oblong fruit is yellow to reddish-purple and 1 inch in
diameter.
</p>
<br>
<p>
<b>Habitat</b>: Thickets, woodlands, mountain slopes; plains, and
valleys.
</p>
<br>
<p>
<b>Uses</b>: Fruit is edible. Branches used for ceremonies. Roots
have been used to make dyes.
</p>","[{""file"": ""1993_baachuuawuuleete_sarvisberry_RoanneHill.mp3""}]","[{""file"": ""Wolf Moss.jpg""}]",wolf_lupine-map.jpg
Thuja plicata,western red cedar,buluxpée,baailíchitchixaape,Trees,holy wood; fragrant flat evergreen foliage,"<p>
<b>Description</b>: A large shrub, up to 15 feet in height. The
branches are thorny. The oval shaped leaves alternate
arranged, 2–4 inches long, dark green, smooth and pale on
the underside. The small flowers with five, white petals and
yelow tipped stamens occur singly or in clusters. Spherical
to oblong fruit is yellow to reddish-purple and 1 inch in
diameter.
</p>
<br>
<p>
<b>Habitat</b>: Thickets, woodlands, mountain slopes; plains, and
valleys.
</p>
<br>
<p>
<b>Uses</b>: Fruit is edible. Branches used for ceremonies. Roots
have been used to make dyes.
</p>","[{""file"": ""2960_balakaashe_sarvisberry_wood_rileysinger.mp3""}]","[{""file"": ""Golden_Currant.jpg""}]",golden_currant-map.jpg
Acer glabrum,rocky mountain maple,iiwalaasúukuluxachkisee,,Trees,big plant used like a comb,"<p>
<b>Description</b>: A large shrub, up to 15 feet in height. The
branches are thorny. The oval shaped leaves alternate
arranged, 2–4 inches long, dark green, smooth and pale on
the underside. The small flowers with five, white petals and
yelow tipped stamens occur singly or in clusters. Spherical
to oblong fruit is yellow to reddish-purple and 1 inch in
diameter.
</p>
<br>
<p>
<b>Habitat</b>: Thickets, woodlands, mountain slopes; plains, and
valleys.
</p>
<br>
<p>
<b>Uses</b>: Fruit is edible. Branches used for ceremonies. Roots
have been used to make dyes.
</p>","[{""file"": ""6521_b_iiwaaihchaapkuluttatuua_poison_ivy_CGL.mp3""}]","[{""file"": ""Water-lily.jpg""}]","water_lily-map.jpg"
Ranunculus glaberrimus,buttercup/crowfoot,áasshiiliakshe,,Wildflowers,gleaming yellow flower,"<p>
<b>Description</b>: A large shrub, up to 15 feet in height. The
branches are thorny. The oval shaped leaves alternate
arranged, 2–4 inches long, dark green, smooth and pale on
the underside. The small flowers with five, white petals and
yelow tipped stamens occur singly or in clusters. Spherical
to oblong fruit is yellow to reddish-purple and 1 inch in
diameter.
</p>
<br>
<p>
<b>Habitat</b>: Thickets, woodlands, mountain slopes; plains, and
valleys.
</p>
<br>
<p>
<b>Uses</b>: Fruit is edible. Branches used for ceremonies. Roots
have been used to make dyes.
</p>","[{""file"": ""3445_bikkaakaashe_bluegrass_CGL.mp3""}]","[{""file"": ""Field_Sagewort.jpg""}]","field_sagewort-map.jpg"
Oenothera biennis,evening primrose,áhpee baaapáale,,Wildflowers,evening plant,"<p>
<b>Description</b>: A large shrub, up to 15 feet in height. The
branches are thorny. The oval shaped leaves alternate
arranged, 2–4 inches long, dark green, smooth and pale on
the underside. The small flowers with five, white petals and
yelow tipped stamens occur singly or in clusters. Spherical
to oblong fruit is yellow to reddish-purple and 1 inch in
diameter.
</p>
<br>
<p>
<b>Habitat</b>: Thickets, woodlands, mountain slopes; plains, and
valleys.
</p>
<br>
<p>
<b>Uses</b>: Fruit is edible. Branches used for ceremonies. Roots
have been used to make dyes.
</p>","[{""file"": ""29756_cheetishbilishpitbaakaate--pennycress_Entry1_LYM_1754602898769.mp3""}]","[{""file"": ""Marijuana.jpg""}]","marijuana-map.jpg"
Balsamorhiza sagittata,arrowleaf balsamroot,akalashkúa shíile,,Wildflowers,yellow one that is jointed,"<p>
<b>Description</b>: A large shrub, up to 15 feet in height. The
branches are thorny. The oval shaped leaves alternate
arranged, 2–4 inches long, dark green, smooth and pale on
the underside. The small flowers with five, white petals and
yelow tipped stamens occur singly or in clusters. Spherical
to oblong fruit is yellow to reddish-purple and 1 inch in
diameter.
</p>
<br>
<p>
<b>Habitat</b>: Thickets, woodlands, mountain slopes; plains, and
valleys.
</p>
<br>
<p>
<b>Uses</b>: Fruit is edible. Branches used for ceremonies. Roots
have been used to make dyes.
</p>","[{""file"": ""29868_ichihchishiishipite--purple-coneflower_Entry1_LYM_1754608262149.mp3""}]","[{""file"": ""silver_maple.jpg""}]","sweetflag-map.jpg"
Ratibida columnifera,prairie coneflower,awáchuhke baaapáale shíile,,Wildflowers,flatland yellow plant,"<p>
<b>Description</b>: A large shrub, up to 15 feet in height. The
branches are thorny. The oval shaped leaves alternate
arranged, 2–4 inches long, dark green, smooth and pale on
the underside. The small flowers with five, white petals and
yelow tipped stamens occur singly or in clusters. Spherical
to oblong fruit is yellow to reddish-purple and 1 inch in
diameter.
</p>
<br>
<p>
<b>Habitat</b>: Thickets, woodlands, mountain slopes; plains, and
valleys.
</p>
<br>
<p>
<b>Uses</b>: Fruit is edible. Branches used for ceremonies. Roots
have been used to make dyes.
</p>","[{""file"": ""3900_buluhpe_plums_roannehill1.mp3""}]","[{""file"": ""horsemint.jpg""}]","horsemint-map.jpg"
Castilleja linariaefolia,indian paintbrush,baaapáale chikuakáate,,Wildflowers,sweet plant,"<p>
<b>Description</b>: A large shrub, up to 15 feet in height. The
branches are thorny. The oval shaped leaves alternate
arranged, 2–4 inches long, dark green, smooth and pale on
the underside. The small flowers with five, white petals and
yelow tipped stamens occur singly or in clusters. Spherical
to oblong fruit is yellow to reddish-purple and 1 inch in
diameter.
</p>
<br>
<p>
<b>Habitat</b>: Thickets, woodlands, mountain slopes; plains, and
valleys.
</p>
<br>
<p>
<b>Uses</b>: Fruit is edible. Branches used for ceremonies. Roots
have been used to make dyes.
</p>","[{""file"": ""3445_bikkaakaashe_bluegrass_CGL.mp3""}]","[{""file"": ""Ryegrass.jpg""}]","ryegrass-map.jpg"
Taraxacum officinale,dandelion,baaapáale shíile,,Wildflowers,yellow plant; yellow tip,"<p>
<b>Description</b>: A large shrub, up to 15 feet in height. The
branches are thorny. The oval shaped leaves alternate
arranged, 2–4 inches long, dark green, smooth and pale on
the underside. The small flowers with five, white petals and
yelow tipped stamens occur singly or in clusters. Spherical
to oblong fruit is yellow to reddish-purple and 1 inch in
diameter.
</p>
<br>
<p>
<b>Habitat</b>: Thickets, woodlands, mountain slopes; plains, and
valleys.
</p>
<br>
<p>
<b>Uses</b>: Fruit is edible. Branches used for ceremonies. Roots
have been used to make dyes.
</p>","[{""file"": ""70880_baaichihchishiishipite--red-baneberry_AudioMaleCitation_LYM_1628271877461.mp3""}]","[{""file"": ""Water_Birch.jpg""}]",water_birch-map.jpg
Lewisia rediviva,bitterroot,baaisaaxaawé,,Wildflowers,one with a branched body or many roots,"<p>
<b>Description</b>: A large shrub, up to 15 feet in height. The
branches are thorny. The oval shaped leaves alternate
arranged, 2–4 inches long, dark green, smooth and pale on
the underside. The small flowers with five, white petals and
yelow tipped stamens occur singly or in clusters. Spherical
to oblong fruit is yellow to reddish-purple and 1 inch in
diameter.
</p>
<br>
<p>
<b>Habitat</b>: Thickets, woodlands, mountain slopes; plains, and
valleys.
</p>
<br>
<p>
<b>Uses</b>: Fruit is edible. Branches used for ceremonies. Roots
have been used to make dyes.
</p>","[{""file"": ""03168_bashipite-uhpe-baaluusuua--camas_Entry1_VCA_1750439441674.mp3""}]","[{""file"": ""wheatgrass.jpg""}]",wheatgrass-map.jpg
Mimulus guttatus,monkey flower,baauhpashíile,baauhpáshiile,Wildflowers,one with yellow points,"<p>
<b>Description</b>: A large shrub, up to 15 feet in height. The
branches are thorny. The oval shaped leaves alternate
arranged, 2–4 inches long, dark green, smooth and pale on
the underside. The small flowers with five, white petals and
yelow tipped stamens occur singly or in clusters. Spherical
to oblong fruit is yellow to reddish-purple and 1 inch in
diameter.
</p>
<br>
<p>
<b>Habitat</b>: Thickets, woodlands, mountain slopes; plains, and
valleys.
</p>
<br>
<p>
<b>Uses</b>: Fruit is edible. Branches used for ceremonies. Roots
have been used to make dyes.
</p>","[{""file"": ""30183_baapassache--Canadian-thistle_Entry1_LYM_1753466529914.mp3""}]","[{""file"": ""sunflower.jpg""}]","sunflower-map.jpg"
Helianthus annuus,sunflower,baauhpashíile,baaapáalixaawe,Wildflowers,yellow top; pronged plant,"<p>
<b>Description</b>: A large shrub, up to 15 feet in height. The
branches are thorny. The oval shaped leaves alternate
arranged, 2–4 inches long, dark green, smooth and pale on
the underside. The small flowers with five, white petals and
yelow tipped stamens occur singly or in clusters. Spherical
to oblong fruit is yellow to reddish-purple and 1 inch in
diameter.
</p>
<br>
<p>
<b>Habitat</b>: Thickets, woodlands, mountain slopes; plains, and
valleys.
</p>
<br>
<p>
<b>Uses</b>: Fruit is edible. Branches used for ceremonies. Roots
have been used to make dyes.
</p>","[{""file"": ""1358_apupoope_licorice_root_RileySinger.mp3""}]","[{""file"": ""Bistort.jpg""}]","bistort-map.jpg"
Thalictrum dasycarpum,meadow rue,bachéekisshe,"baaxxée, iichíile úuwuussiio",Wildflowers,man imitation; rough seed; put in horse’s mouth,"<p>
<b>Description</b>: A large shrub, up to 15 feet in height. The
branches are thorny. The oval shaped leaves alternate
arranged, 2–4 inches long, dark green, smooth and pale on
the underside. The small flowers with five, white petals and
yelow tipped stamens occur singly or in clusters. Spherical
to oblong fruit is yellow to reddish-purple and 1 inch in
diameter.
</p>
<br>
<p>
<b>Habitat</b>: Thickets, woodlands, mountain slopes; plains, and
valleys.
</p>
<br>
<p>
<b>Uses</b>: Fruit is edible. Branches used for ceremonies. Roots
have been used to make dyes.
</p>","[{""file"": ""7468_kapiliashte_blueberry_wild_grantbulltail.mp3""}]","[{""file"": ""Rough_False_Pennyroyal.jpg""}]","pennyroyal-map.jpg"
Sagittaria cuneata,arrowhead,bimmuummaaapáalikshe,,Wildflowers,water flower,"<p>
<b>Description</b>: A large shrub, up to 15 feet in height. The
branches are thorny. The oval shaped leaves alternate
arranged, 2–4 inches long, dark green, smooth and pale on
the underside. The small flowers with five, white petals and
yelow tipped stamens occur singly or in clusters. Spherical
to oblong fruit is yellow to reddish-purple and 1 inch in
diameter.
</p>
<br>
<p>
<b>Habitat</b>: Thickets, woodlands, mountain slopes; plains, and
valleys.
</p>
<br>
<p>
<b>Uses</b>: Fruit is edible. Branches used for ceremonies. Roots
have been used to make dyes.
</p>","[{""file"": ""03575_cheetaashke--groundcherry_Entry1_LYM_1754602747867.mp3""}]","[{""file"": ""silver_maple.jpg""}]",baneberry-map.jpg
Nymphaea odorata,water lily,bimmuummaaapáalikshe,,Wildflowers,water flower,"<p>
<b>Description</b>: A large shrub, up to 15 feet in height. The
branches are thorny. The oval shaped leaves alternate
arranged, 2–4 inches long, dark green, smooth and pale on
the underside. The small flowers with five, white petals and
yelow tipped stamens occur singly or in clusters. Spherical
to oblong fruit is yellow to reddish-purple and 1 inch in
diameter.
</p>
<br>
<p>
<b>Habitat</b>: Thickets, woodlands, mountain slopes; plains, and
valleys.
</p>
<br>
<p>
<b>Uses</b>: Fruit is edible. Branches used for ceremonies. Roots
have been used to make dyes.
</p>","[{""file"": ""70671_akuuwatkaatawaachuua--nightshade_AudioMaleCitation_LYM_1628270362218.mp3""}]","[{""file"": ""Golden_Currant.jpg""}]",golden_currant-map.jpg
Camassia quamash,camas,bítxuaisaate,,Wildflowers,great onion; they eat the black tip,"<p>
<b>Description</b>: A large shrub, up to 15 feet in height. The
branches are thorny. The oval shaped leaves alternate
arranged, 2–4 inches long, dark green, smooth and pale on
the underside. The small flowers with five, white petals and
yelow tipped stamens occur singly or in clusters. Spherical
to oblong fruit is yellow to reddish-purple and 1 inch in
diameter.
</p>
<br>
<p>
<b>Habitat</b>: Thickets, woodlands, mountain slopes; plains, and
valleys.
</p>
<br>
<p>
<b>Uses</b>: Fruit is edible. Branches used for ceremonies. Roots
have been used to make dyes.
</p>","[{""file"": ""03786_baaapaale-chikuakaate--indian-paintbrush_Entry1_VCA_1750439845590.mp3""}]","[{""file"": ""silver_sage.jpg""}]",silver_sage-map.jpg
Madia glomerata,tarweed,chíilapisbaailichitche,,Wildflowers,bull's perfume,"<p>
<b>Description</b>: A large shrub, up to 15 feet in height. The
branches are thorny. The oval shaped leaves alternate
arranged, 2–4 inches long, dark green, smooth and pale on
the underside. The small flowers with five, white petals and
yelow tipped stamens occur singly or in clusters. Spherical
to oblong fruit is yellow to reddish-purple and 1 inch in
diameter.
</p>
<br>
<p>
<b>Habitat</b>: Thickets, woodlands, mountain slopes; plains, and
valleys.
</p>
<br>
<p>
<b>Uses</b>: Fruit is edible. Branches used for ceremonies. Roots
have been used to make dyes.
</p>","[{""file"": ""01044_baaxxe--burdock_Entry1_LYM_1753468171789.mp3""}]","[{""file"": ""Plum.jpg""}]","plum-map.jpg"
Leucocrinum montanum,star lily,íichoope,ihkachichée,Wildflowers,like a shin bone; looks like a star,"<p>
<b>Description</b>: A large shrub, up to 15 feet in height. The
branches are thorny. The oval shaped leaves alternate
arranged, 2–4 inches long, dark green, smooth and pale on
the underside. The small flowers with five, white petals and
yelow tipped stamens occur singly or in clusters. Spherical
to oblong fruit is yellow to reddish-purple and 1 inch in
diameter.
</p>
<br>
<p>
<b>Habitat</b>: Thickets, woodlands, mountain slopes; plains, and
valleys.
</p>
<br>
<p>
<b>Uses</b>: Fruit is edible. Branches used for ceremonies. Roots
have been used to make dyes.
</p>","[{""file"": ""62948_bikkee-iiwaaiilua--northern-bedstraw_AudioFemaleCitation_RH_1627750209019.mp3""}]","[{""file"": ""Ponderosa_pine.jpg""}]","ponderosa_pine-map.jpg"
Helenium sp.,sneezeweed,iiwaaapiiaxxúua,,Wildflowers,makes one sneeze,"<p>
<b>Description</b>: A large shrub, up to 15 feet in height. The
branches are thorny. The oval shaped leaves alternate
arranged, 2–4 inches long, dark green, smooth and pale on
the underside. The small flowers with five, white petals and
yelow tipped stamens occur singly or in clusters. Spherical
to oblong fruit is yellow to reddish-purple and 1 inch in
diameter.
</p>
<br>
<p>
<b>Habitat</b>: Thickets, woodlands, mountain slopes; plains, and
valleys.
</p>
<br>
<p>
<b>Uses</b>: Fruit is edible. Branches used for ceremonies. Roots
have been used to make dyes.
</p>","[{""file"": ""1916_baaapaammaaxpee_peyote_RileySinger1.mp3""}]","[{""file"": ""Lodgepole Pine.jpg""}]","
lodgepolepine-map.jpg"
Iris missouriensis,blue flag iris,iiwaalaashúukuluxachkisshe,,Wildflowers,big plant used like a comb,"<p>
<b>Description</b>: A large shrub, up to 15 feet in height. The
branches are thorny. The oval shaped leaves alternate
arranged, 2–4 inches long, dark green, smooth and pale on
the underside. The small flowers with five, white petals and
yelow tipped stamens occur singly or in clusters. Spherical
to oblong fruit is yellow to reddish-purple and 1 inch in
diameter.
</p>
<br>
<p>
<b>Habitat</b>: Thickets, woodlands, mountain slopes; plains, and
valleys.
</p>
<br>
<p>
<b>Uses</b>: Fruit is edible. Branches used for ceremonies. Roots
have been used to make dyes.
</p>","[{""file"": ""70983_baauhpashiililikisshe--pineapple-weed_Entry1_LYM_1753467427482.mp3""}]","[{""file"": ""Juneberry.jpg""}]",sarvisberry-map.jpg
Echinacea angustifolia,purple coneflower,iiwaalaasúukuluxachkisee,ichíhchishiishipite,Wildflowers,big plant used like a comb; black root,"<p>
<b>Description</b>: A large shrub, up to 15 feet in height. The
branches are thorny. The oval shaped leaves alternate
arranged, 2–4 inches long, dark green, smooth and pale on
the underside. The small flowers with five, white petals and
yelow tipped stamens occur singly or in clusters. Spherical
to oblong fruit is yellow to reddish-purple and 1 inch in
diameter.
</p>
<br>
<p>
<b>Habitat</b>: Thickets, woodlands, mountain slopes; plains, and
valleys.
</p>
<br>
<p>
<b>Uses</b>: Fruit is edible. Branches used for ceremonies. Roots
have been used to make dyes.
</p>","[{""file"": ""0187_aapbilaxxaake_poison_ivy_GrantBullTail1.mp3""}]","[{""file"": ""Yellow_Morel.jpg""}]",sacred_tobacco-map.jpg
Calochortus nuttalli,sego/mariposa lily,isshéelooshe,aashúuooshe,Wildflowers,burned on the top of the head,"<p>
<b>Description</b>: A large shrub, up to 15 feet in height. The
branches are thorny. The oval shaped leaves alternate
arranged, 2–4 inches long, dark green, smooth and pale on
the underside. The small flowers with five, white petals and
yelow tipped stamens occur singly or in clusters. Spherical
to oblong fruit is yellow to reddish-purple and 1 inch in
diameter.
</p>
<br>
<p>
<b>Habitat</b>: Thickets, woodlands, mountain slopes; plains, and
valleys.
</p>
<br>
<p>
<b>Uses</b>: Fruit is edible. Branches used for ceremonies. Roots
have been used to make dyes.
</p>","[{""file"": ""03369_ishoochchapaalia--flax_Entry1_LYM_1754943578149.mp3""}]","[{""file"": ""Scurf_Pea.jpg""}]","scurfpea-map.jpg"
Prunus virginia,chokecherry,balápua,,Succulents & Cacti,,"<p>
<b>Description</b>: A large shrub, up to 15 feet in height. The
branches are thorny. The oval shaped leaves alternate
arranged, 2–4 inches long, dark green, smooth and pale on
the underside. The small flowers with five, white petals and
yelow tipped stamens occur singly or in clusters. Spherical
to oblong fruit is yellow to reddish-purple and 1 inch in
diameter.
</p>
<br>
<p>
<b>Habitat</b>: Thickets, woodlands, mountain slopes; plains, and
valleys.
</p>
<br>
<p>
<b>Uses</b>: Fruit is edible. Branches used for ceremonies. Roots
have been used to make dyes.
</p>","[{""file"": ""8741_xooxaashe_corn_grantbulltail.mp3""}]","[{""file"": ""Milkweed.jpg""}]",milkweed-map.jpg